Date,Open Price,High Price,Low Price,Close Price,WAP,No.of Shares,No. of Trades,Total Turnover (Rs.),Deliverable Quantity,% Deli. Qty to Traded Qty,Spread High-Low,Spread Close-Open
12-Apr-24,2955,2973,2925.7,2935.1,2947.834313,677948,29990,1998478377,184834,27.26,47.3,-19.9
10-Apr-24,2949.95,2974,2934.55,2958.6,2954.214931,164355,9664,485539995,94527,57.51,39.45,8.65
09-Apr-24,2975,2978.75,2925,2927.1,2949.193861,59883,6112,176606576,25840,43.15,53.75,-47.9
08-Apr-24,2923.4,2980.5,2923.4,2971,2968.44656,148392,8242,440493722,98296,66.24,57.1,47.6
05-Apr-24,2928,2941.5,2911.9,2919.95,2926.01891,431312,18136,1262027068,143477,33.27,29.6,-8.05
04-Apr-24,2958.55,2958.55,2900.5,2926.45,2925.897323,104590,11700,306019601,37660,36.01,58.05,-32.1
03-Apr-24,2966.9,2966.9,2938,2942.4,2953.585427,127109,8238,375427290,73468,57.8,28.9,-24.5
02-Apr-24,2969.5,2987.9,2950,2971.3,2965.583303,118525,7370,351495761,57548,48.55,37.9,1.8
01-Apr-24,2985,2988.5,2965,2969.5,2972.535563,229355,13392,681765894,164364,71.66,23.5,-15.5
28-Mar-24,2994.35,3011.25,2959,2976.8,2992.714789,422263,19036,1263712725,117047,27.72,52.25,-17.55
27-Mar-24,2899.65,2999.9,2897.9,2987.85,2978.105311,471025,30930,1402762054,255487,54.24,102,88.2
26-Mar-24,2888.6,2905.25,2877,2884.15,2886.672583,943865,6807,2724629218,914823,96.92,28.25,-4.45
22-Mar-24,2897.05,2920,2895.35,2909.9,2909.081691,562484,15427,1636311906,78114,13.89,24.65,12.85
21-Mar-24,2891.4,2915,2889.65,2901.3,2903.229132,77091,5769,223812837,26566,34.46,25.35,9.9
20-Mar-24,2851.05,2890.2,2848.05,2886.8,2873.738617,152906,10817,439411877,100666,65.84,42.15,35.75
19-Mar-24,2865.6,2873.6,2835,2850.75,2847.348767,128206,10945,365047196,88047,68.68,38.6,-14.85
18-Mar-24,2837.2,2883,2833.65,2878.35,2854.944498,146410,12317,417992424,66180,45.2,49.35,41.15
15-Mar-24,2854.95,2866.45,2826.9,2837.25,2840.608395,396001,21991,1124883765,75672,19.11,39.55,-17.7
14-Mar-24,2865,2897.35,2851,2865.25,2874.621359,162637,20571,467519794,64504,39.66,46.35,0.25
13-Mar-24,2955.45,2965.95,2855.85,2864.7,2909.462683,97957,8660,285002236,43718,44.63,110.1,-90.75
12-Mar-24,2932,2976.3,2932,2950.2,2958.248359,83500,7871,247013738,23642,28.31,44.3,18.2
11-Mar-24,2984.7,2984.7,2927.35,2931.2,2955.097861,111587,10618,329750505,54522,48.86,57.35,-53.5
07-Mar-24,3002.15,3005.9,2951.25,2958.1,2971.691631,387052,22348,1150199189,52841,13.65,54.65,-44.05
06-Mar-24,2989.45,3019,2957,3005.95,2987.106243,110021,8033,328644416,42963,39.05,62,16.5
05-Mar-24,3011.7,3011.7,2973,2998.3,2992.697256,70928,6149,212266031,24362,34.35,38.7,-13.4
04-Mar-24,2981,3024.8,2975.05,3011.6,3003.934719,139795,9389,419935054,83191,59.51,49.75,30.6
02-Mar-24,2980.7,3000,2975,2980.85,2989.584806,36619,9696,109475606,21933,59.9,25,0.15
01-Mar-24,2916.7,2999,2916.7,2986,2973.19565,544407,33877,1618628524,148133,27.21,82.3,69.3
29-Feb-24,2931.05,2958,2909.55,2924.75,2933.130281,192376,11046,564263871,90108,46.84,48.45,-6.3
28-Feb-24,2964.9,2982,2900.55,2909,2931.449676,64333,7090,188588952,23610,36.7,81.45,-55.9
27-Feb-24,2968.8,2999.85,2956,2970.4,2976.457644,83211,5724,247674017,47670,57.29,43.85,1.6
26-Feb-24,2989.75,2989.75,2964.55,2974.35,2974.721045,40874,4779,121588748,15006,36.71,25.2,-15.4
23-Feb-24,2971.4,2996.15,2965.25,2986.35,2984.339062,653001,31433,1948776392,118582,18.16,30.9,14.95
22-Feb-24,2937.95,2969.1,2916,2963.35,2937.578178,212597,12452,624520308,132693,62.42,53.1,25.4
21-Feb-24,2943.85,2977,2916.15,2938.2,2950.667095,103405,11504,305113731,48255,46.67,60.85,-5.65
20-Feb-24,2949.9,2949.9,2924,2940.75,2935.855281,104430,6247,306591367,72252,69.19,25.9,-9.15
19-Feb-24,2921.35,2958.8,2907.55,2946.15,2934.313269,163441,12133,479587095,78402,47.97,51.25,24.8
16-Feb-24,2945.05,2953.3,2917.35,2921.35,2926.681186,542931,20042,1588985943,76261,14.05,35.95,-23.7
15-Feb-24,2963.4,2968.4,2932.9,2941.9,2946.123509,81881,14250,241231539,29413,35.92,35.5,-21.5
14-Feb-24,2911.4,2966.6,2911.4,2962.6,2942.853081,122707,8937,361108673,74250,60.51,55.2,51.2
13-Feb-24,2910.4,2957.8,2909.4,2928.95,2934.462992,322902,13850,947543969,245207,75.94,48.4,18.55
12-Feb-24,2922.3,2922.35,2885,2902.95,2900.938399,147206,17705,427035538,87275,59.29,37.35,-19.35
09-Feb-24,2905,2944.15,2902.6,2922.3,2923.983017,812171,30548,2374774211,121987,15.02,41.55,17.3
08-Feb-24,2895.6,2919.75,2856.7,2902.95,2886.327226,98849,7477,285310560,33100,33.49,63.05,7.35
07-Feb-24,2870,2898,2858.45,2883.4,2873.74181,320512,17141,921068735,194686,60.74,39.55,13.4
06-Feb-24,2887.4,2887.4,2840.8,2856.8,2860.732432,115081,6943,329215949,50293,43.7,46.6,-30.6
05-Feb-24,2921.2,2940,2864,2877.05,2911.268786,128072,8519,372852016,44011,34.36,76,-44.15
02-Feb-24,2864.45,2949.9,2864.45,2914.75,2911.806905,653622,30556,1903221053,107676,16.47,85.45,50.3
01-Feb-24,2871.2,2885.25,2836.7,2852.7,2858.016913,88274,10933,252288585,31217,35.36,48.55,-18.5
31-Jan-24,2811.45,2869.45,2804.95,2853.2,2848.39085,108704,8366,309631479,35166,32.35,64.5,41.75
30-Jan-24,2905.4,2917.95,2808.75,2814.85,2862.12847,303348,23247,868220947,154104,50.8,109.2,-90.55
29-Jan-24,2713.2,2905,2713.2,2896.15,2837.836588,823950,65962,2338235457,539012,65.42,191.8,182.95
25-Jan-24,2684.5,2725,2670.05,2710.35,2689.062296,2411115,25222,6483638437,1869909,77.55,54.95,25.85
24-Jan-24,2660,2699,2649,2688.7,2664.282007,273061,9867,727511509,73230,26.82,50,28.7
23-Jan-24,2732.15,2742.75,2645,2656,2683.774529,102297,8736,274542083,40375,39.47,97.75,-76.15
20-Jan-24,2729.95,2765.05,2698.6,2713.2,2734.154685,171490,14801,468880187,86878,50.66,66.45,-16.75
19-Jan-24,2753,2753,2716.85,2735.05,2732.508808,483007,23753,1319820882,64063,13.26,36.15,-17.95
18-Jan-24,2700,2742,2700,2734.9,2724.864538,158982,9660,433204414,42448,26.7,42,34.9
17-Jan-24,2729.85,2772,2711,2722.8,2740.407243,115862,8557,317509064,52496,45.31,61,-7.05
16-Jan-24,2781.85,2792.5,2741,2747.65,2777.441367,153804,8546,427181592,83330,54.18,51.5,-34.2
15-Jan-24,2746.9,2792.65,2732,2787.5,2766.69577,121727,10322,336781576,57781,47.47,60.65,40.6
12-Jan-24,2718.4,2746.45,2691.55,2740.1,2735.488137,606506,30221,1659089968,104923,17.3,54.9,21.7
11-Jan-24,2655.7,2724.95,2655.7,2718.4,2691.759523,344195,24161,926490169,185638,53.93,69.25,62.7
10-Jan-24,2580.6,2658.95,2577.3,2649.95,2615.954762,458001,25020,1198109897,319204,69.7,81.65,69.35
09-Jan-24,2597.35,2607.05,2576.25,2580.6,2597.966722,140422,6835,364811683,95610,68.09,30.8,-16.75
08-Jan-24,2612.4,2632,2568.3,2586.1,2601.258843,87501,7032,227612750,33219,37.96,63.7,-26.3
05-Jan-24,2600.15,2619.45,2597.95,2606.75,2605.657274,465515,24601,1212972546,99310,21.33,21.5,6.6
04-Jan-24,2589.4,2609.75,2580,2597.4,2599.882922,162584,9815,422699365,103141,63.44,29.75,8
03-Jan-24,2608.1,2634,2577.15,2582.95,2607.804848,107501,7371,280341629,43758,40.7,56.85,-25.15
02-Jan-24,2587.65,2614.9,2573.5,2610.9,2592.670654,86186,8001,223451913,33574,38.96,41.4,23.25
01-Jan-24,2581.05,2606,2573.55,2589.85,2587.308555,67641,6352,175008138,29008,42.89,32.45,8.8
29-Dec-23,2608.05,2614.8,2579.15,2584.85,2587.234179,848448,42547,2195133665,130653,15.4,35.65,-23.2
28-Dec-23,2587,2611.35,2587,2605.8,2603.866737,183810,10929,478616745,76669,41.71,24.35,18.8
27-Dec-23,2578.5,2599.35,2572.25,2586.35,2587.593434,103806,8408,268607724,52489,50.56,27.1,7.85
26-Dec-23,2570,2592.9,2563,2577.5,2579.756103,90284,8523,232910700,43665,48.36,29.9,7.5
22-Dec-23,2562.2,2580.55,2548,2564.7,2562.542998,524558,21877,1344202430,52406,9.99,32.55,2.5
21-Dec-23,2510.45,2572.5,2510.45,2562.2,2548.914519,364795,23148,929831272,205046,56.21,62.05,51.75
20-Dec-23,2560.3,2597.85,2520,2527.35,2559.3015,649409,40425,1662033428,395739,60.94,77.85,-32.95
19-Dec-23,2537.7,2573,2525.85,2558.45,2555.415647,234379,13459,598935764,126093,53.8,47.15,20.75
18-Dec-23,2494.2,2534.4,2491.05,2519.95,2520.295227,196178,10242,494426477,81395,41.49,43.35,25.75
15-Dec-23,2472.15,2499.95,2469.05,2495.2,2486.27971,681578,35209,1694593552,326787,47.95,30.9,23.05
14-Dec-23,2453,2475,2442.7,2464.5,2469.763507,3647716,10059,9008995860,3564583,97.72,32.3,11.5
13-Dec-23,2427.75,2438,2406.3,2433.4,2419.834336,137296,10893,332233575,72924,53.11,31.7,5.65
12-Dec-23,2458,2464.9,2420.25,2423.95,2447.080292,98105,8193,240070812,55701,56.78,44.65,-34.05
11-Dec-23,2452.15,2467.4,2452.15,2459.05,2460.07617,169515,13614,417019812,104177,61.46,15.25,6.9
08-Dec-23,2461.2,2475.7,2444.5,2456.2,2456.803148,1107109,43196,2719948876,275060,24.84,31.2,-5
07-Dec-23,2460.7,2461.05,2442,2457.6,2460.4698,2891485,6703,7114411520,2842661,98.31,19.05,-3.1
06-Dec-23,2443.25,2473.6,2440.3,2460.7,2460.205209,130350,8453,320687749,61992,47.56,33.3,17.45
05-Dec-23,2433,2440.5,2421.35,2437.55,2434.16133,390820,23258,951318931,249211,63.77,19.15,4.55
04-Dec-23,2440.05,2445,2395,2421,2397.514362,6478365,19776,15531973131,5865945,90.55,50,-19.05
01-Dec-23,2381,2396.9,2380,2393.45,2388.534935,2830557,27006,6760884280,2083574,73.61,16.9,12.45
30-Nov-23,2398,2400.5,2371.25,2376.4,2385.024445,4376134,12124,10437186565,4246659,97.04,29.25,-21.6
29-Nov-23,2405.15,2411.75,2398.25,2400.5,2406.503598,323782,20032,779182548,200843,62.03,13.5,-4.65
28-Nov-23,2393,2398.8,2375,2394.55,2380.138926,353122,15723,840479418,264619,74.94,23.8,1.55
24-Nov-23,2390.2,2402.4,2390.2,2394.3,2397.666257,584860,23877,1402299087,49598,8.48,12.2,4.1
23-Nov-23,2387.75,2401.25,2387.75,2395.15,2398.118207,227525,8100,545631845,134765,59.23,13.5,7.4
22-Nov-23,2372.7,2394.75,2372.4,2387.75,2385.321305,63242,5863,150852490,23864,37.73,22.35,15.05
21-Nov-23,2362.05,2387.65,2359.4,2378.5,2376.3978,76008,6561,180625244,38064,50.08,28.25,16.45
20-Nov-23,2349,2358,2336.85,2349.3,2345.622607,163824,13079,384269278,110062,67.18,21.15,0.3
17-Nov-23,2357.35,2373,2353,2355.85,2366.374074,573100,28033,1356168982,132695,23.15,20,-1.5
16-Nov-23,2349.95,2373.7,2346.8,2363.35,2364.558709,435606,20362,1030015961,317578,72.9,26.9,13.4
15-Nov-23,2335.5,2362.35,2326.8,2356.9,2344.394092,104539,7726,245080614,64169,61.38,35.55,21.4
13-Nov-23,2325,2325,2311.65,2314.3,2315.57438,127884,11398,296124914,72220,56.47,13.35,-10.7
12-Nov-23,2329.7,2332.55,2322.7,2330.9,2329.105304,35991,5983,83826829,25501,70.85,9.85,1.2
10-Nov-23,2308,2317,2298.15,2314.3,2310.663755,499796,28833,1154860502,109021,21.81,18.85,6.3
09-Nov-23,2330.55,2336.55,2305,2310.65,2316.941961,211600,16406,490264919,146252,69.12,31.55,-19.9
08-Nov-23,2333.7,2341,2322.6,2336.6,2336.543012,317763,11631,742466917,263644,82.97,18.4,2.9
07-Nov-23,2337.75,2339.45,2320,2324.2,2330.33022,205366,13986,478570596,146165,71.17,19.45,-13.55
06-Nov-23,2334.95,2340,2326.05,2339.05,2336.065109,326958,7763,763795176,288498,88.24,13.95,4.1
03-Nov-23,2328.65,2335,2314.9,2319.05,2325.267525,813331,24570,1891212161,215587,26.51,20.1,-9.6
02-Nov-23,2309,2324,2306.5,2319.85,2315.537378,84609,6190,195915302,32521,38.44,17.5,10.85
01-Nov-23,2289.9,2317.5,2275.25,2296.65,2305.794718,263097,18143,606647673,176967,67.26,42.25,6.75
31-Oct-23,2332.95,2332.95,2282.8,2288.55,2300.881278,146839,11561,337859106,85370,58.14,50.15,-44.4
30-Oct-23,2283.95,2324.6,2272,2311.35,2311.43138,271749,15127,628129166,115446,42.48,52.6,27.4
27-Oct-23,2242,2274.05,2236.05,2265.25,2265.721799,793186,35787,1797138811,134120,16.91,38,23.25
26-Oct-23,2257.95,2258,2221.05,2226.2,2230.946668,682499,44368,1522618870,457323,67.01,36.95,-31.75
25-Oct-23,2252.95,2281.5,2242.4,2258,2260.57749,217481,14261,491632653,123981,57.01,39.1,5.05
23-Oct-23,2292,2306.7,2254.25,2262.65,2284.041854,250465,32558,572072543,139099,55.54,52.45,-29.35
20-Oct-23,2302.45,2314.8,2296.05,2299.15,2300.976203,474553,23845,1091935160,159110,33.53,18.75,-3.3
19-Oct-23,2314.95,2321.4,2301.55,2305.55,2311.836268,590336,10380,1364760175,538713,91.26,19.85,-9.4
18-Oct-23,2355.25,2367.15,2320.2,2323.6,2340.822702,260837,19726,610573171,142566,54.66,46.95,-31.65
17-Oct-23,2352.45,2360,2342,2355.6,2348.019175,135643,8197,318492365,98533,72.64,18,3.15
16-Oct-23,2348,2354,2336,2342.9,2347.281415,208827,14402,490175736,155826,74.62,18,-5.1
13-Oct-23,2342.9,2358,2330,2350.7,2346.607133,686714,33408,1611447971,254760,37.1,28,7.8
12-Oct-23,2347.65,2359,2338.05,2348.85,2350.586766,308005,17181,723992477,243224,78.97,20.95,1.2
11-Oct-23,2314.9,2349.5,2314,2345,2331.311898,1384096,23361,3226759473,1290126,93.21,35.5,30.1
10-Oct-23,2305.05,2317.9,2303.45,2308.55,2308.989988,87798,6959,202724703,38048,43.34,14.45,3.5
09-Oct-23,2309.95,2312.55,2295,2297.75,2303.008324,96352,10939,221899458,50761,52.68,17.55,-12.2
06-Oct-23,2322.95,2325,2312,2317.9,2319.28918,356117,22839,825938305,66973,18.81,13,-5.05
05-Oct-23,2325,2329,2310,2313.85,2317.489526,194952,20181,451799218,91141,46.75,19,-11.15
04-Oct-23,2312,2318.7,2295.15,2314.3,2303.285541,269205,38023,620055984,160245,59.53,23.55,2.3
03-Oct-23,2337,2337,2316,2318.25,2322.583795,266890,26970,619874389,186526,69.89,21,-18.75
29-Sep-23,2347.95,2369.5,2334.1,2346.5,2353.43819,152169,12293,358120336,39779,26.14,35.4,-1.45
28-Sep-23,2384,2384,2325.65,2334,2352.041432,314683,28978,740147454,179944,57.18,58.35,-50
27-Sep-23,2349,2371.7,2339,2369.1,2356.694918,248130,10879,584766710,147471,59.43,32.7,20.1
26-Sep-23,2343.7,2350,2336.1,2341.55,2340.96859,139096,9157,325619367,87639,63.01,13.9,-2.15
25-Sep-23,2353.85,2359.9,2335.8,2340.05,2343.469027,191151,12614,447956448,127964,66.94,24.1,-13.8
22-Sep-23,2368.15,2383.65,2350,2354.05,2362.938987,367560,17750,868521854,185760,50.54,33.65,-14.1
21-Sep-23,2379.95,2390,2359,2364.55,2371.491694,358113,19461,849262005,241480,67.43,31,-15.4
20-Sep-23,2422.95,2426.4,2361.6,2382.1,2382.24931,2533477,32656,6035373835,1581453,62.42,64.8,-40.85
18-Sep-23,2442,2451.55,2432.6,2436,2442.264442,139331,13491,340283147,75066,53.88,18.95,-6
15-Sep-23,2466.05,2467.1,2449.6,2460.05,2459.253781,126487,8361,311063633,48361,38.23,17.5,-6
14-Sep-23,2456.35,2465,2445,2451.1,2453.368899,231443,12502,567815058,140502,60.71,20,-5.25
13-Sep-23,2443.55,2462.5,2415.6,2452.75,2452.579694,142946,8009,350586457,80688,56.45,46.9,9.2
12-Sep-23,2489.7,2489.7,2435.2,2437.95,2454.894408,157057,10026,385558351,85733,54.59,54.5,-51.75
11-Sep-23,2455.95,2476,2452.05,2474.4,2467.971625,366596,19642,904748526,213499,58.24,23.95,18.45
08-Sep-23,2436.4,2455.65,2423.4,2449.05,2440.494049,445328,20022,1086820334,177894,39.95,32.25,12.65
07-Sep-23,2425.85,2438,2411.4,2431.5,2424.164804,101108,8440,245102455,37824,37.41,26.6,5.65
06-Sep-23,2422.95,2436,2418,2428.1,2426.851116,175250,14201,425305658,90823,51.82,18,5.15
05-Sep-23,2418.25,2433.95,2411,2423.95,2423.075873,201719,9661,488780442,138447,68.63,22.95,5.7
04-Sep-23,2410.05,2423,2406,2410.15,2413.598545,243913,20307,588708062,123464,50.62,17,0.1
01-Sep-23,2408,2425.7,2401.3,2413.05,2413.589718,723207,28637,1745524979,79267,10.96,24.4,5.05
31-Aug-23,2420.05,2425.9,2400,2406.9,2412.472067,241991,24786,583796528,130608,53.97,25.9,-13.15
30-Aug-23,2430.3,2443.25,2415.05,2418.3,2425.360523,923878,11469,2240737229,817760,88.51,28.2,-12
29-Aug-23,2447,2452.15,2408.45,2420.25,2424.882728,220154,15626,533847632,98555,44.77,43.7,-26.75
28-Aug-23,2474,2483.5,2432,2442.55,2464.457818,349403,27389,861088955,135197,38.69,51.5,-31.45
25-Aug-23,2454,2505,2443.95,2469.95,2473.665625,1212903,43650,3000316457,242270,19.97,61.05,15.95
24-Aug-23,2542,2542,2471.6,2478.65,2505.276939,302604,27085,758106823,146573,48.44,70.4,-63.35
23-Aug-23,2527.95,2542.4,2518.05,2523.15,2528.678,157329,9054,397834381,33454,21.26,24.35,-4.8
22-Aug-23,2518.25,2537.45,2498.55,2519,2518.056013,115990,11005,292069317,57538,49.61,38.9,0.75
21-Aug-23,2531,2554.9,2513.55,2518.25,2529.417104,156076,10454,394781304,53633,34.36,41.35,-12.75
18-Aug-23,2532,2577,2508.5,2556.7,2549.744478,1144311,40407,2917700653,162964,14.24,68.5,24.7
17-Aug-23,2568,2577.95,2532.2,2537.75,2554.204664,139614,10379,356602730,63474,45.46,45.75,-30.25
16-Aug-23,2556.65,2582.15,2550.65,2574.9,2570.091748,87871,6679,225836532,36048,41.02,31.5,18.25
14-Aug-23,2533.05,2582,2524.2,2576.75,2560.186455,407900,30640,1044300055,229691,56.31,57.8,43.7
11-Aug-23,2535.45,2558.3,2512.1,2548,2535.271641,297470,14039,754167255,191875,64.5,46.2,12.55
10-Aug-23,2527,2550,2508.8,2535.65,2529.852341,200827,9920,508062656,130994,65.23,41.2,8.65
09-Aug-23,2507,2529.4,2481,2523.55,2490.262587,212798,13332,529922898,160005,75.19,48.4,16.55
08-Aug-23,2525.3,2534.6,2499.45,2505.65,2513.187117,151755,10346,381388711,113420,74.74,35.15,-19.65
07-Aug-23,2515,2528.35,2505.05,2523.45,2518.678487,293130,16805,738300225,203159,69.31,23.3,8.45
04-Aug-23,2485,2517.2,2472,2510.15,2504.988822,709795,28046,1778028541,171724,24.19,45.2,25.15
03-Aug-23,2471.45,2499.9,2458,2474.95,2472.542454,210947,21250,521575413,84371,40,41.9,3.5
02-Aug-23,2500,2511.8,2463.2,2486.35,2484.221026,184490,13167,458313937,113655,61.6,48.6,-13.65
01-Aug-23,2547.85,2559,2505.9,2512.65,2525.044327,170213,13065,429795370,109731,64.47,53.1,-35.2
31-Jul-23,2527.9,2553.65,2518.75,2547.85,2536.486486,85020,8241,215652081,43609,51.29,34.9,19.95
28-Jul-23,2509.05,2541.9,2501,2527.6,2523.001205,644967,34907,1627252518,92006,14.27,40.9,18.55
27-Jul-23,2529,2538,2491.45,2506.3,2513.374722,101139,9612,254200206,38886,38.45,46.55,-22.7
26-Jul-23,2480.1,2547.25,2480.1,2525.7,2523.217255,132959,11970,335484443,36554,27.49,67.15,45.6
25-Jul-23,2491.5,2505,2480.05,2484.7,2492.556074,199238,19241,496611887,85886,43.11,24.95,-6.8
24-Jul-23,2484,2514.8,2469.55,2487.55,2491.208659,228305,18133,568755393,86524,37.9,45.25,3.55
21-Jul-23,2603,2613.8,2523.35,2536.2,2544.593695,896988,43072,2282470009,154263,17.2,90.45,-66.8
20-Jul-23,2589,2632,2582,2619.8,2614.322367,400680,17951,1047506686,177445,44.29,50,30.8
19-Jul-23,2832,2855,2796.45,2840,2825.836221,782335,43098,2210750580,417880,53.41,58.55,8
18-Jul-23,2812.05,2838,2794,2822.4,2813.552398,364444,19866,1025382290,200000,54.88,44,10.35
17-Jul-23,2746.7,2816,2728.55,2796.4,2780.31217,453640,21402,1261260813,256190,56.47,87.45,49.7
14-Jul-23,2751.05,2760.8,2723.75,2738.9,2738.693265,499323,26100,1367492537,170719,34.19,37.05,-12.15
13-Jul-23,2780.9,2799.95,2737.75,2743.15,2780.672589,261573,16173,727348871,146996,56.2,62.2,-37.75
12-Jul-23,2769.85,2802.2,2762,2766.2,2780.86468,325221,21261,904395592,159848,49.15,40.2,-3.65
11-Jul-23,2750.2,2769.85,2738.5,2764.3,2753.4658,527404,28533,1452188877,310076,58.79,31.35,14.1
10-Jul-23,2686,2755,2672.75,2735.15,2730.82855,1110570,69522,3032776263,712657,64.17,82.25,49.15
07-Jul-23,2632.8,2665,2627.4,2635.45,2642.863002,576768,31686,1524318808,137881,23.91,37.6,2.65
06-Jul-23,2576,2644.3,2576,2638.35,2627.340479,619409,34420,1627398339,375475,60.62,68.3,62.35
05-Jul-23,2600.55,2604,2575.7,2584.8,2587.612696,61768,6072,159831661,25342,41.03,28.3,-15.75
04-Jul-23,2621,2626.5,2573.25,2588.25,2595.597973,189823,9444,492704194,124699,65.69,53.25,-32.75
03-Jul-23,2553.2,2622,2553.2,2615.2,2594.171088,517214,35468,1341741605,350871,67.84,68.8,62
30-Jun-23,2540.05,2556.7,2533,2550.7,2542.410839,289824,19687,736851679,176556,60.92,23.7,10.65
28-Jun-23,2516,2537.25,2497.7,2529.35,2525.107662,171621,13923,433361502,116954,68.15,39.55,13.35
27-Jun-23,2501,2510,2486.4,2495.8,2495.111112,148922,11504,371576937,116873,78.48,23.6,-5.2
26-Jun-23,2504,2515.9,2489.25,2494.2,2499.732812,197782,16762,494402155,133526,67.51,26.65,-9.8
23-Jun-23,2530,2532.8,2511.1,2515.25,2521.0284,289996,22793,731088152,145374,50.13,21.7,-14.75
22-Jun-23,2561.7,2572.9,2532.25,2535.6,2552.037861,61620,10185,157256573,21315,34.59,40.65,-26.1
21-Jun-23,2556.35,2569.1,2547.95,2563.6,2560.359581,144710,9931,370509635,116185,80.29,21.15,7.25
20-Jun-23,2550.5,2564,2535,2546.75,2545.358236,171359,10217,436170042,142715,83.28,29,-3.75
19-Jun-23,2582.2,2584,2543.4,2551.5,2552.289896,165566,10930,422572429,115804,69.94,40.6,-30.7
16-Jun-23,2555.6,2581,2555.6,2575.4,2572.215595,150565,15481,387285641,86924,57.73,25.4,19.8
15-Jun-23,2547.05,2561.9,2535.2,2551.55,2549.880231,284440,23638,725287933,203451,71.53,26.7,4.5
14-Jun-23,2518.05,2555,2516.6,2552.6,2542.876454,196737,18495,500277885,136961,69.62,38.4,34.55
13-Jun-23,2490.75,2523.3,2486.25,2520.4,2510.701755,205509,14771,515971807,151807,73.87,37.05,29.65
12-Jun-23,2478,2489,2465.1,2483.1,2479.281089,75549,9576,187307207,36613,48.46,23.9,5.1
09-Jun-23,2495.05,2508.1,2478.05,2481.9,2493.255577,169640,16518,422955876,82894,48.86,30.05,-13.15
08-Jun-23,2502.4,2516,2491,2499.8,2503.360953,136486,11246,341673723,59283,43.44,25,-2.6
07-Jun-23,2486.1,2499.55,2472.35,2497.55,2484.453338,211341,21369,525066853,158423,74.96,27.2,11.45
06-Jun-23,2481.3,2490.1,2462.55,2480.25,2471.819147,115547,9365,285611287,78416,67.86,27.55,-1.05
05-Jun-23,2465.1,2483.7,2458.1,2476.8,2467.927866,119029,10689,293754986,77617,65.21,25.6,11.7
02-Jun-23,2475,2482.8,2451.05,2454.95,2460.344276,101224,10332,249045889,48389,47.8,31.75,-20.05
01-Jun-23,2478,2484.45,2457.95,2462.05,2470.213714,240274,19120,593528130,172926,71.97,26.5,-15.95
31-May-23,2506.95,2508.95,2461.7,2474.7,2482.621696,205076,13789,509126127,135044,65.85,47.25,-32.25
30-May-23,2520,2537.45,2513.9,2519.4,2525.411341,146443,13232,369828813,95343,65.11,23.55,-0.6
29-May-23,2519,2530,2506.95,2519.8,2518.960643,416211,26445,1048419128,328603,78.95,23.05,0.8
26-May-23,2453.6,2510,2449.15,2506.55,2489.453656,261121,18211,650048628,181784,69.62,60.85,52.95
25-May-23,2433.5,2448.45,2415.7,2438.55,2423.733224,186194,9965,451284584,124844,67.05,32.75,5.05
24-May-23,2446.6,2463,2433.3,2437.05,2445.782269,154319,8827,377430674,127187,82.42,29.7,-9.55
23-May-23,2465,2468.25,2451.85,2454.1,2458.972273,87497,8510,215152697,54480,62.26,16.4,-10.9
22-May-23,2430,2465,2430,2454.5,2455.294666,144136,15497,353896352,79660,55.27,35,24.5
19-May-23,2432.7,2445.75,2419.55,2442.8,2432.56711,54880,7760,133499283,22173,40.4,26.2,10.1
18-May-23,2454.8,2456.1,2428,2433.85,2444.231227,56823,7246,138888551,17562,30.91,28.1,-20.95
17-May-23,2460.35,2463.7,2429.2,2438.8,2444.605074,158298,17831,386976094,87326,55.17,34.5,-21.55
16-May-23,2496,2498,2451,2453.85,2473.509256,83298,9390,206038374,30828,37.01,47,-42.15
15-May-23,2486,2503.75,2472.6,2488.15,2489.93516,67628,8929,168389335,33258,49.18,31.15,2.15
12-May-23,2477,2488,2456.55,2484.1,2471.7393,61427,7470,151831530,22702,36.96,31.45,7.1
11-May-23,2499.5,2509,2473.8,2478.3,2493.187587,98850,8888,246451593,46792,47.34,35.2,-21.2
10-May-23,2485.6,2499.9,2481.5,2496.3,2492.63577,99083,8503,246977830,46624,47.06,18.4,10.7
09-May-23,2475,2486.95,2463.5,2479.15,2476.130052,65220,8186,161493202,29809,45.71,23.45,4.15
08-May-23,2450.95,2483.5,2444.85,2471.35,2467.486986,92596,9968,228479425,48748,52.65,38.65,20.4
05-May-23,2444,2461.7,2435.75,2441.3,2447.39704,81483,8040,199421253,31315,38.43,25.95,-2.7
04-May-23,2423.4,2452.25,2414.25,2447.8,2435.682663,88436,8704,215402032,36028,40.74,38,24.4
03-May-23,2447,2447,2413.35,2419.8,2422.407086,89389,8062,216536547,38863,43.48,33.65,-27.2
02-May-23,2440,2446,2428.75,2441.05,2438.3697,145848,10183,355631344,91666,62.85,17.25,1.05
28-Apr-23,2379.85,2424,2379.8,2420.2,2406.588156,394972,29566,950534937,255989,64.81,44.2,40.35
27-Apr-23,2365,2383,2364,2377.5,2372.367264,85772,8971,203482685,36476,42.53,19,12.5
26-Apr-23,2379.8,2381.5,2353.85,2362.05,2363.395742,145620,14327,344157688,97785,67.15,27.65,-17.75
25-Apr-23,2368.8,2381,2350.35,2375.1,2364.5743,92349,9498,218366072,44437,48.12,30.65,6.3
24-Apr-23,2365,2382.9,2348.7,2357.15,2360.294679,253679,16359,598757194,143050,56.39,34.2,-7.85
21-Apr-23,2348.05,2360.85,2338,2348.9,2348.413588,99384,10350,233394736,48300,48.6,22.85,0.85
20-Apr-23,2350.2,2359,2333,2345.7,2343.265954,140197,11701,328518857,94883,67.68,26,-4.5
19-Apr-23,2337,2358,2332.25,2351.65,2349.301695,96087,10274,225737352,46534,48.43,25.75,14.65
18-Apr-23,2370.7,2376.1,2326,2340.05,2340.029986,151805,12554,355228252,91577,60.33,50.1,-30.65
17-Apr-23,2415,2415,2349.2,2366.8,2368.770653,294432,21456,697441881,140067,47.57,65.8,-48.2
13-Apr-23,2350,2365.9,2342.15,2355.65,2355.806788,212068,11164,499591234,152797,72.05,23.75,5.65
12-Apr-23,2336.3,2368.25,2330.05,2346.4,2349.133188,198164,14576,465513629,137745,69.51,38.2,10.1
11-Apr-23,2330,2341,2324,2336.3,2332.925855,105010,10121,244980544,29701,28.28,17,6.3
10-Apr-23,2346,2350.4,2321.9,2324.6,2336.128062,93595,10420,218649906,36654,39.16,28.5,-21.4
06-Apr-23,2320,2354.5,2318.05,2341,2341.740504,144642,12516,338714030,47193,32.63,36.45,21
05-Apr-23,2341.75,2346.6,2308.5,2325.5,2325.523457,258000,24490,599985052,96146,37.27,38.1,-16.25
03-Apr-23,2345.1,2349.15,2315,2331.75,2327.958896,214215,23175,498683715,96408,45.01,34.15,-13.35
31-Mar-23,2256,2343,2254.55,2331.05,2313.095761,617169,47619,1427570998,382992,62.06,88.45,75.05
29-Mar-23,2241.9,2245,2211.25,2235.25,2226.946721,159031,18790,354153564,65014,40.88,33.75,-6.65
28-Mar-23,2241.25,2256,2237.5,2247.95,2247.290772,113718,12073,255557412,50126,44.08,18.5,6.7
27-Mar-23,2215.5,2254,2200.5,2237.5,2236.780432,315446,27743,705583440,148838,47.18,53.5,22
24-Mar-23,2247.6,2250,2198,2203.5,2223.041685,178216,19626,396181597,116177,65.19,52,-44.1
23-Mar-23,2270,2270,2243.75,2247.55,2253.842017,208447,23804,469806607,93864,45.03,26.25,-22.45
22-Mar-23,2280.1,2291.3,2270,2276.65,2281.065366,230717,21747,526280558,85350,36.99,21.3,-3.45
21-Mar-23,2222,2273.85,2218,2270.05,2255.21861,441746,34843,996233800,215211,48.72,55.85,48.05
20-Mar-23,2223,2223,2180,2201.6,2194.974445,225747,23058,495508896,113544,50.3,43,-21.4
17-Mar-23,2249,2251.55,2212.9,2223.05,2227.243095,366281,39612,815796828,223404,60.99,38.65,-25.95
16-Mar-23,2237.05,2254.95,2202.3,2226.05,2232.29545,253732,25079,566404789,141202,55.65,52.65,-11
15-Mar-23,2284.9,2299,2228,2236.85,2260.850027,422737,54739,955744958,256551,60.69,71,-48.05
14-Mar-23,2281.15,2305,2269.65,2276.5,2285.287867,329326,34355,752604712,167076,50.73,35.35,-4.65
13-Mar-23,2328,2344,2275,2284.9,2308.909565,330968,41618,764175181,167655,50.66,69,-43.1
10-Mar-23,2343.3,2343.3,2315.2,2323.15,2323.87932,337306,40621,783858438,176502,52.33,28.1,-20.15
09-Mar-23,2419.9,2419.9,2356.15,2360.15,2375.798507,299619,32243,711834373,190003,63.41,63.75,-59.75
08-Mar-23,2401.2,2420,2386.45,2417.55,2405.210739,99782,10958,239996738,34437,34.51,33.55,16.35
06-Mar-23,2395,2424.5,2395,2407.8,2415.324643,168847,12288,407820320,105483,62.47,29.5,12.8
03-Mar-23,2344,2393,2340.9,2385.05,2369.159341,266949,24156,632444717,147277,55.17,52.1,41.05
02-Mar-23,2331,2350.8,2321.7,2327.85,2334.625639,89972,11652,210050938,53628,59.61,29.1,-3.15
01-Mar-23,2342.2,2345.5,2323.55,2343.25,2336.848207,183724,20479,429335100,117417,63.91,21.95,1.05
28-Feb-23,2375,2375,2314.75,2321.95,2337.221583,300235,33265,701715722,165915,55.26,60.25,-53.05
27-Feb-23,2378.6,2389,2352.45,2369.1,2366.731615,247454,25999,585657205,132631,53.6,36.55,-9.5
24-Feb-23,2375,2395.6,2368.65,2385.8,2380.962135,249650,21011,594407197,163033,65.3,26.95,10.8
23-Feb-23,2376,2394.95,2361.5,2367.55,2381.336412,265844,21661,633063997,152291,57.29,33.45,-8.45
22-Feb-23,2428,2430,2376.05,2379,2395.324044,288637,27831,691379146,168373,58.33,53.95,-49
21-Feb-23,2421,2446,2412.45,2434.5,2428.71523,167774,17513,407475269,72052,42.95,33.55,13.5
20-Feb-23,2440.4,2449.45,2410.35,2415.3,2429.073843,221415,18929,537833385,171934,77.65,39.1,-25.1
17-Feb-23,2424.95,2446.9,2410.6,2439.85,2432.860189,105936,12547,257727477,46591,43.98,36.3,14.9
16-Feb-23,2450,2463,2425,2429.65,2439.741077,277368,17228,676706103,169611,61.15,38,-20.35
15-Feb-23,2387.8,2437,2375,2430.1,2417.96477,367072,18591,887567164,252104,68.68,62,42.3
14-Feb-23,2325.2,2381,2324,2377.4,2361.605394,124813,13863,294759054,45552,36.5,57,52.2
13-Feb-23,2337.6,2350,2314.05,2322.75,2325.627223,79836,10263,185668775,32766,41.04,35.95,-14.85
10-Feb-23,2357,2357,2321.6,2336.35,2332.695785,127318,13086,296994162,59480,46.72,35.4,-20.65
09-Feb-23,2357.35,2370.8,2334.05,2355.4,2353.929895,88852,11108,209151379,30586,34.42,36.75,-1.95
08-Feb-23,2311.3,2359.6,2307.15,2351.8,2343.289332,268850,25015,629993337,130486,48.53,52.45,40.5
07-Feb-23,2312,2327,2293.1,2305.9,2311.782922,225094,29368,520368465,99276,44.1,33.9,-6.1
06-Feb-23,2325,2325,2306.75,2311.5,2312.474637,206263,30862,476977956,133307,64.63,18.25,-13.5
03-Feb-23,2345,2347.9,2293.2,2329.05,2317.10749,148804,14978,344794863,60962,40.97,54.7,-15.95
02-Feb-23,2325,2347.7,2311.35,2326.8,2324.535568,104181,12844,242172440,44697,42.9,36.35,1.8
01-Feb-23,2380,2380.9,2305,2338.05,2352.603545,573669,34753,1349615723,377526,65.81,75.9,-41.95
31-Jan-23,2385,2386.1,2341.7,2353.9,2355.05062,100296,10412,236202157,46238,46.1,44.4,-31.1
30-Jan-23,2337.75,2369.4,2301.15,2351.3,2348.831485,1392194,29192,3270029101,1219020,87.56,68.25,13.55
27-Jan-23,2381.95,2388.05,2312.1,2337.75,2334.590938,452582,59632,1056593836,246365,54.44,75.95,-44.2
25-Jan-23,2410,2414.8,2381,2382.95,2393.973382,103914,14987,248767350,58915,56.7,33.8,-27.05
24-Jan-23,2432.5,2443.9,2388.65,2415.15,2417.967222,349349,15122,844714431,250814,71.79,55.25,-17.35
23-Jan-23,2450,2466,2426,2429.6,2441.525381,213860,19969,522144618,70364,32.9,40,-20.4
20-Jan-23,2481.7,2481.7,2438.1,2442.7,2454.859676,174012,11317,427175042,109256,62.79,43.6,-39
19-Jan-23,2474.2,2480.95,2457.5,2471.1,2474.386663,201558,11803,498732427,142838,70.87,23.45,-3.1
18-Jan-23,2479,2491.5,2460.45,2474.6,2479.727199,126814,7526,314464125,77842,61.38,31.05,-4.4
17-Jan-23,2453.15,2483.5,2452,2478.55,2466.1152,186970,13442,461089559,78640,42.06,31.5,25.4
16-Jan-23,2474.9,2479.75,2436.05,2444.7,2454.488808,140006,10360,343643160,91129,65.09,43.7,-30.2
13-Jan-23,2468.6,2473.2,2434.8,2467.35,2453.151561,248982,25804,610790582,120974,48.59,38.4,-1.25
12-Jan-23,2525,2531.9,2465.65,2472.1,2486.411885,185343,16171,460839038,115683,62.42,66.25,-52.9
11-Jan-23,2555.2,2558.2,2522,2525.5,2534.780641,127795,11916,323932292,85024,66.53,36.2,-29.7
10-Jan-23,2604.05,2605,2546.05,2557.95,2571.373593,152642,12735,392499608,93407,61.19,58.95,-46.1
09-Jan-23,2543.7,2601.8,2539.1,2596.55,2582.897136,298492,22874,770974132,190749,63.9,62.7,52.85
06-Jan-23,2529,2547.5,2518.65,2537.25,2535.070145,113594,11000,287968758,57740,50.83,28.85,8.25
05-Jan-23,2525,2536,2504.25,2513.5,2515.544678,143907,9677,362004488,85740,59.58,31.75,-11.5
04-Jan-23,2559,2559.6,2514.85,2518.15,2530.522576,172926,12141,437593147,128295,74.19,44.75,-40.85
03-Jan-23,2567.7,2573,2548.05,2557,2558.559681,136124,13214,348281378,87348,64.17,24.95,-10.7
02-Jan-23,2556.9,2580,2548.2,2575.15,2565.037495,174612,14042,447886327,98899,56.64,31.8,18.25
30-Dec-22,2547,2576.9,2542.55,2548.2,2560.573073,77470,7964,198367596,18712,24.15,34.35,1.2
29-Dec-22,2532.05,2549,2526.5,2542.55,2536.476649,157229,13560,398807687,103570,65.87,22.5,10.5
28-Dec-22,2535.9,2549.9,2521.25,2544.45,2537.520509,168925,13441,428650652,105693,62.57,28.65,8.55
27-Dec-22,2529,2548.8,2514.35,2545.05,2534.556939,184837,18372,468479901,91598,49.56,34.45,16.05
26-Dec-22,2513.7,2542.05,2493.95,2524.5,2522.321151,95382,7874,240584036,28581,29.96,48.1,10.8
23-Dec-22,2564,2589.75,2493,2501.55,2541.28754,307147,38425,780548844,157324,51.22,96.75,-62.45
22-Dec-22,2595.2,2606.65,2565.9,2577.9,2583.664125,93106,9175,240554632,32813,35.24,40.75,-17.3
21-Dec-22,2622,2633.6,2576.35,2584.4,2602.003754,77509,8722,201678709,27381,35.33,57.25,-37.6
20-Dec-22,2593.95,2626,2566.6,2621.15,2592.252181,129098,12996,334654572,47647,36.91,59.4,27.2
19-Dec-22,2583.95,2603.25,2567.7,2600,2583.293001,67621,6588,174684856,19050,28.17,35.55,16.05
16-Dec-22,2570,2619,2558.1,2565.1,2591.142753,169510,18159,439224608,51096,30.14,60.9,-4.9
15-Dec-22,2609.5,2614.9,2571,2578.75,2586.912955,95215,7713,246312917,51216,53.79,43.9,-30.75
14-Dec-22,2631.2,2639.5,2611,2614.9,2621.790092,42452,5302,111300233,15669,36.91,28.5,-16.3
13-Dec-22,2617,2633.2,2606.75,2624.2,2620.798164,65370,9896,171321576,26008,39.79,26.45,7.2
12-Dec-22,2590,2623,2585,2612.25,2607.771418,117691,12262,306911226,47056,39.98,38,22.25
09-Dec-22,2648.9,2660.6,2602.15,2609.1,2628.873823,155892,15996,409820398,81206,52.09,58.45,-39.8
08-Dec-22,2665.5,2665.5,2640.05,2649.5,2651.144898,93535,7925,247974838,51778,55.36,25.45,-16
07-Dec-22,2686.8,2694.35,2643,2649.9,2668.939274,116129,11141,309941249,54491,46.92,51.35,-36.9
06-Dec-22,2660,2697,2660,2688.25,2684.595153,197739,14549,530849161,95692,48.39,37,28.25
05-Dec-22,2719.95,2719.95,2678.35,2682.85,2694.095022,208698,20747,562252243,107755,51.63,41.6,-37.1
02-Dec-22,2726.25,2747.65,2701,2722.65,2724.29339,114503,9191,311939766,33680,29.41,46.65,-3.6
01-Dec-22,2736,2754.7,2716,2722.95,2740.119534,245387,20390,672389712,131369,53.54,38.7,-13.05
30-Nov-22,2715,2743.6,2699.1,2732.4,2724.009827,116521,9761,317404349,43532,37.36,44.5,17.4
29-Nov-22,2704.1,2730.5,2693.4,2711.05,2711.97716,225659,21081,611982054,135214,59.92,37.1,6.95
28-Nov-22,2601.35,2721.6,2585,2708.05,2688.029406,358911,23804,964763322,191413,53.33,136.6,106.7
25-Nov-22,2583.05,2624.15,2581.35,2617.05,2605.353289,228490,20395,595297173,143293,62.71,42.8,34
24-Nov-22,2566,2592,2548.35,2582.55,2563.652921,101023,7808,258987909,55446,54.88,43.65,16.55
23-Nov-22,2579,2579,2552.15,2556.45,2560.826056,188170,8879,481870639,149423,79.41,26.85,-22.55
22-Nov-22,2544.25,2568,2536.9,2564.3,2558.801235,201826,7845,516432618,142326,70.52,31.1,20.05
21-Nov-22,2585,2589.3,2543,2550.05,2555.20476,104254,7858,266390317,60507,58.04,46.3,-34.95
18-Nov-22,2606,2608.85,2572,2597.55,2588.569765,138143,11998,357592793,60174,43.56,36.85,-8.45
17-Nov-22,2586,2613,2581.35,2601.3,2599.923626,181514,9381,471922537,131293,72.33,31.65,15.3
16-Nov-22,2604,2615.05,2581.2,2591.85,2602.095846,116478,8062,303086920,58050,49.84,33.85,-12.15
15-Nov-22,2618.05,2627.75,2590.05,2606.7,2612.900565,403971,10322,1055536054,336942,83.41,37.7,-11.35
14-Nov-22,2625,2642.65,2605.55,2617.95,2631.228823,4751003,8727,12500976032,4691237,98.74,37.1,-7.05
11-Nov-22,2598.7,2635,2587.25,2631.35,2613.913257,402694,27518,1052607185,251036,62.34,47.75,32.65
10-Nov-22,2585,2596.95,2563,2574.45,2577.477367,240161,13328,619009542,194627,81.04,33.95,-10.55
09-Nov-22,2606,2621.5,2591.35,2603,2612.211523,185280,9617,483990551,109764,59.24,30.15,-3
07-Nov-22,2592,2609.9,2574,2606.15,2595.522996,168418,10357,437132792,75181,44.64,35.9,14.15
04-Nov-22,2548,2595.25,2548,2592.45,2580.935632,295536,21773,762759393,208040,70.39,47.25,44.45
03-Nov-22,2526.15,2560,2526.15,2555.95,2546.924638,213304,11281,543269213,140587,65.91,33.85,29.8
02-Nov-22,2528.35,2550.25,2514.25,2545.4,2533.308345,119457,9725,302621415,63304,52.99,36,17.05
01-Nov-22,2582,2588.45,2508,2529.75,2540.286373,195343,12671,496227161,75171,38.48,80.45,-52.25
31-Oct-22,2535,2560.5,2533.1,2549.55,2551.109721,238633,13902,608778966,112658,47.21,27.4,14.55
28-Oct-22,2463.05,2534,2460.2,2526,2508.28631,250899,15155,629326527,92209,36.75,73.8,62.95
27-Oct-22,2456,2468,2433.2,2450.1,2446.098415,240543,17152,588391851,124711,51.85,34.8,-5.9
25-Oct-22,2498,2498.15,2437.55,2441.85,2478.511554,2676294,11760,6633225601,2614746,97.7,60.6,-56.15
24-Oct-22,2464.5,2501,2458.35,2479.7,2482.753281,117206,16896,290993581,63877,54.5,42.65,15.2
21-Oct-22,2507,2516.5,2467,2471.95,2490.889255,228842,16869,570020079,73341,32.05,49.5,-35.05
20-Oct-22,2478.05,2519,2478.05,2500.9,2504.065137,268387,15326,672058530,152727,56.91,40.95,22.85
19-Oct-22,2452.15,2527,2441.9,2496.5,2499.191753,304000,16998,759754293,87086,28.65,85.1,44.35
18-Oct-22,2420,2463,2420,2450.55,2451.134656,275176,19597,674493430,147796,53.71,43,30.55
17-Oct-22,2354.7,2413.75,2343.6,2410,2389.790759,312009,20747,745636225,134105,42.98,70.15,55.3
14-Oct-22,2412,2416.05,2368.35,2371,2396.239266,169418,14521,405966064,68900,40.67,47.7,-41
13-Oct-22,2375.8,2394.2,2361,2383.85,2379.283695,89649,7983,213300404,39908,44.52,33.2,8.05
12-Oct-22,2354.95,2380.8,2345.55,2375.05,2367.914304,92000,8254,217848116,29589,32.16,35.25,20.1
11-Oct-22,2411.25,2412,2351,2357.25,2405.042714,3962521,10278,9530032262,3899287,98.4,61,-54
10-Oct-22,2409.05,2417.7,2388,2405.75,2401.631189,138925,15187,333646613,51122,36.8,29.7,-3.3
07-Oct-22,2418,2443.9,2413.85,2433.25,2432.162962,151735,12655,369044247,65180,42.96,30.05,15.25
06-Oct-22,2436,2450,2418.4,2422.65,2434.045214,90481,9000,220234845,35116,38.81,31.6,-13.35
04-Oct-22,2398.45,2417.9,2390.35,2413.05,2404.73809,155355,10765,373588086,70379,45.3,27.55,14.6
03-Oct-22,2397,2416.95,2363.5,2374.3,2386.462052,228998,16312,546495037,75361,32.91,53.45,-22.7
30-Sep-22,2318,2401.15,2315,2377.7,2369.513505,251390,23226,595672000,106593,42.4,86.15,59.7
29-Sep-22,2358,2367.75,2313.55,2325.3,2343.954008,191249,17781,448278860,114972,60.12,54.2,-32.7
28-Sep-22,2365.1,2378.4,2327.85,2332.1,2355.540516,249075,20903,586706254,142662,57.28,50.55,-33
27-Sep-22,2395,2425.75,2360.15,2395.4,2393.208169,420283,27061,1005824709,227032,54.02,65.6,0.4
26-Sep-22,2404,2417.65,2375.5,2377.5,2393.645621,130939,14925,313421564,71301,54.45,42.15,-26.5
23-Sep-22,2485.5,2495.05,2435.2,2439.35,2454.65619,110625,12730,271546341,54475,49.24,59.85,-46.15
22-Sep-22,2482.9,2502.65,2472.55,2485.9,2488.491827,88397,10302,219975212,35752,40.44,30.1,3
21-Sep-22,2501.85,2534,2495.7,2509.25,2515.894345,74857,8609,188332303,19148,25.58,38.3,7.4
20-Sep-22,2525,2537.2,2495.85,2502.05,2522.637006,93423,8957,235672317,38510,41.22,41.35,-22.95
19-Sep-22,2499.2,2521.9,2481.6,2502.35,2499.561183,2963131,16024,7406527229,2867216,96.76,40.3,3.15
16-Sep-22,2549,2553.6,2491.25,2499.3,2515.105952,210585,17578,529643587,137146,65.13,62.35,-49.7
15-Sep-22,2586,2602.3,2557,2561.75,2571.263554,180396,12863,463845660,86615,48.01,45.3,-24.25
14-Sep-22,2565,2609.5,2565,2587.8,2594.66988,257288,21499,667577424,140256,54.51,44.5,22.8
13-Sep-22,2615,2628.55,2601,2620.15,2619.780893,223055,14356,584355227,115086,51.6,27.55,5.15
12-Sep-22,2573.7,2611.4,2572,2597.6,2597.655617,152127,11262,395173556,76606,50.36,39.4,23.9
09-Sep-22,2606.55,2606.85,2565,2568.6,2576.066251,165838,9087,427209675,98140,59.18,41.85,-37.95
08-Sep-22,2590,2597,2571,2585.2,2581.174468,164380,9935,424293459,106501,64.79,26,-4.8
07-Sep-22,2579.7,2594.5,2569.05,2581.15,2583.745079,191624,9748,495107567,115672,60.36,25.45,1.45
06-Sep-22,2569.6,2605.5,2569.6,2595.4,2593.222285,376714,23540,976903140,198139,52.6,35.9,25.8
05-Sep-22,2530,2581,2530,2570.25,2562.918269,119294,9765,305740772,36870,30.91,51,40.25
02-Sep-22,2565,2574,2525,2529.8,2547.483435,266857,18989,679813787,159686,59.84,49,-35.2
01-Sep-22,2589.1,2605.95,2552,2560.2,2569.320853,1149213,42249,2952696926,975134,84.85,53.95,-28.9
30-Aug-22,2621.7,2645.95,2577.15,2639.1,2612.067452,297293,16525,776549369,89679,30.17,68.8,17.4
29-Aug-22,2570,2653.3,2570,2596.8,2616.668685,504166,29047,1319235384,166898,33.1,83.3,26.8
26-Aug-22,2638,2647.9,2608,2618.75,2621.196279,185236,20405,485539914,103874,56.08,39.9,-19.25
25-Aug-22,2651,2662.3,2622,2630.5,2647.660726,86635,9096,229380087,27183,31.38,40.3,-20.5
24-Aug-22,2637.4,2668.5,2636,2639.05,2650.460873,150278,13665,398305959,56068,37.31,32.5,1.65
23-Aug-22,2586,2652,2586,2647.5,2626.374168,225535,18965,592339298,110252,48.88,66,61.5
22-Aug-22,2616,2630.55,2586.2,2606.7,2603.903243,167523,13946,436213683,91252,54.47,44.35,-9.3
19-Aug-22,2654.05,2661,2605.3,2613.6,2627.95706,136003,11870,357410044,68049,50.03,55.7,-40.45
18-Aug-22,2663.45,2668.5,2640.25,2660.65,2652.570778,181482,12244,481393850,117309,64.64,28.25,-2.8
17-Aug-22,2660.55,2677.6,2656,2664.45,2666.56326,114212,9364,304553523,50789,44.47,21.6,3.9
16-Aug-22,2649.8,2656.6,2627.8,2650.55,2642.644464,75427,7713,199326744,25881,34.31,28.8,0.75
12-Aug-22,2586.25,2641,2582.1,2632.65,2626.058408,222555,12790,584442429,98779,44.38,58.9,46.4
11-Aug-22,2600,2615,2580.8,2590.2,2592.212552,99044,7576,256743100,49899,50.38,34.2,-9.8
10-Aug-22,2572,2589.95,2558,2581.95,2574.163652,111725,8256,287598434,49034,43.89,31.95,9.95
08-Aug-22,2535,2583.5,2531.65,2566.8,2569.493966,187347,15166,481386986,86036,45.92,51.85,31.8
05-Aug-22,2577,2578,2527.5,2533.95,2543.158073,133584,10186,339725228,49728,37.23,50.5,-43.05
04-Aug-22,2616,2617.65,2535,2571.4,2569.204318,190556,12523,489577298,48915,25.67,82.65,-44.6
03-Aug-22,2597.45,2610,2567.55,2605.8,2590.220163,159491,11981,413116804,56419,35.37,42.45,8.35
02-Aug-22,2572.8,2606.5,2560.55,2583.1,2583.179391,283788,22047,733075313,140059,49.35,45.95,10.3
01-Aug-22,2513,2587,2507.95,2575.1,2511.620212,4318904,12703,10847446581,4200059,97.25,79.05,62.1
29-Jul-22,2470,2517,2463.5,2508.75,2492.768099,435531,35226,1085677783,259911,59.68,53.5,38.75
28-Jul-22,2435,2467,2421.1,2457.25,2446.979862,302611,24442,740483023,175253,57.91,45.9,22.25
27-Jul-22,2419.4,2427,2402,2419.25,2417.306545,182221,9982,440484016,121386,66.61,25,-0.15
26-Jul-22,2423.8,2444.05,2412.45,2420.5,2432.818255,261141,13144,635308592,125144,47.92,31.6,-3.3
25-Jul-22,2469,2469,2403.95,2420.15,2422.816881,465538,26354,1127913325,246804,53.01,65.05,-48.85
22-Jul-22,2500,2516.8,2495,2502.9,2505.714658,394782,21054,989211044,224130,56.77,21.8,2.9
21-Jul-22,2498,2498.65,2468,2487.4,2482.829098,236686,14612,587650888,133642,56.46,30.65,-10.6
20-Jul-22,2535,2545.05,2485.55,2501.4,2505.0974,536736,33500,1344575958,260896,48.61,59.5,-33.6
19-Jul-22,2411,2447,2400.75,2441.2,2433.418643,354911,15090,863647044,182847,51.52,46.25,30.2
18-Jul-22,2420.05,2425,2393.5,2422.15,2402.101317,4311256,10615,10356073716,4203211,97.49,31.5,2.1
15-Jul-22,2420,2420,2383.6,2401.55,2397.233238,105343,8334,252531741,28741,27.28,36.4,-18.45
14-Jul-22,2389.7,2434.5,2377.5,2396.95,2398.721031,249673,17689,598895876,116464,46.65,57,7.25
13-Jul-22,2429,2433.95,2373,2377.3,2397.920256,185355,13890,444466509,95372,51.45,60.95,-51.7
12-Jul-22,2411,2439,2403.9,2420.15,2425.766758,203047,13638,492544663,56116,27.64,35.1,9.15
11-Jul-22,2380,2428,2370.3,2423.2,2391.706924,805038,28512,1925414959,596956,74.15,57.7,43.2
08-Jul-22,2414.9,2415.85,2383,2391.5,2394.747921,222410,15097,532615885,89687,40.32,32.85,-23.4
07-Jul-22,2424.8,2433.9,2375.05,2387.65,2391.638704,452454,39916,1082106498,229597,50.74,58.85,-37.15
06-Jul-22,2425.05,2441.15,2387.4,2411.95,2410.121485,259341,19968,625043316,89471,34.5,53.75,-13.1
05-Jul-22,2424.95,2464.65,2417.6,2433.2,2443.121169,435731,29443,1064543630,177535,40.74,47.05,8.25
04-Jul-22,2388.8,2441.85,2367,2413.95,2413.444983,893090,55047,2155423580,325812,36.48,74.85,25.15
01-Jul-22,2580,2591.65,2365,2408.95,2433.03573,1078836,78025,2624846535,378853,35.12,226.65,-171.05
30-Jun-22,2576,2615.8,2567.3,2594.05,2596.497528,209154,15613,543067844,84855,40.57,48.5,18.05
29-Jun-22,2504.35,2596.85,2501,2579.05,2560.146452,305035,28326,780934273,112706,36.95,95.85,74.7
28-Jun-22,2482.15,2535,2482.15,2529,2514.641354,127683,13180,321076952,37514,29.38,52.85,46.85
27-Jun-22,2549,2549,2482,2491.95,2513.465852,180405,15735,453441807,59909,33.21,67,-57.05
24-Jun-22,2490,2510.95,2468.25,2500.75,2491.739346,182130,14141,453820487,59086,32.44,42.7,10.75
23-Jun-22,2520,2524.9,2446,2464.6,2475.861316,282095,38558,698428098,111461,39.51,78.9,-55.4
22-Jun-22,2563,2563,2501,2505.2,2524.267547,191652,20228,483780924,61384,32.03,62,-57.8
21-Jun-22,2552.4,2592.7,2529,2584.55,2562.531386,135235,12117,346543932,21106,15.61,63.7,32.15
20-Jun-22,2607,2618.1,2521.1,2542.8,2553.351919,141291,13241,360765646,27879,19.73,97,-64.2
17-Jun-22,2532,2624.45,2532,2589.3,2592.376797,259291,19057,672179972,58811,22.68,92.45,57.3
16-Jun-22,2622,2658.6,2554.95,2559.2,2599.766711,282255,21527,733797153,58377,20.68,103.65,-62.8
15-Jun-22,2610,2637.4,2585.1,2596.3,2613.289824,163116,11651,426269383,33178,20.34,52.3,-13.7
14-Jun-22,2653,2670.15,2613.85,2627.35,2637.801247,152984,12611,403541386,29338,19.18,56.3,-25.65
13-Jun-22,2653.8,2673.3,2616.4,2662.8,2645.712193,187994,14888,497378018,47072,25.04,56.9,9
10-Jun-22,2774.35,2790.05,2701.6,2714,2739.222228,246751,20034,675905824,83966,34.03,88.45,-60.35
09-Jun-22,2709,2802,2709,2798.6,2767.891893,298046,19174,824959107,139431,46.78,93,89.6
08-Jun-22,2775.2,2782.1,2715.6,2724.3,2740.361492,186942,11639,512288658,70763,37.85,66.5,-50.9
07-Jun-22,2764,2791,2754,2772.5,2773.105756,154819,10501,429329460,24738,15.98,37,8.5
06-Jun-22,2780.6,2813.75,2751.55,2766.9,2776.821657,275733,18674,765661366,86101,31.23,62.2,-13.7
03-Jun-22,2746.95,2816.35,2740,2779.5,2796.373976,636698,42914,1780445718,301515,47.36,76.35,32.55
02-Jun-22,2645,2732,2635.65,2724.5,2707.461869,299786,20363,811659164,131636,43.91,96.35,79.5
01-Jun-22,2632.35,2654.95,2616.1,2632.2,2637.588031,147783,11931,389790672,48704,32.96,38.85,-0.15
31-May-22,2646,2678.75,2615.85,2633.9,2642.160323,590084,19983,1559096532,420270,71.22,62.9,-12.1
30-May-22,2619.8,2673,2594.85,2663.75,2642.017258,263592,21125,696414613,146456,55.56,78.15,43.95
27-May-22,2596.95,2605.55,2539.35,2575.2,2572.888647,199303,16761,512784426,65623,32.93,66.2,-21.75
26-May-22,2618,2633.9,2547.7,2587.45,2588.918277,183889,15579,476073593,33138,18.02,86.2,-30.55
25-May-22,2632.35,2655.8,2601.85,2611.15,2626.189392,248030,20206,651373755,108049,43.56,53.95,-21.2
24-May-22,2624,2637.8,2598,2616,2621.289251,147965,13473,387859064,47949,32.41,39.8,-8
23-May-22,2630,2653.75,2592.95,2605.95,2616.738811,278346,18465,728358781,88833,31.91,60.8,-24.05
20-May-22,2515,2643,2503,2622.15,2576.949926,277207,21461,714348558,95269,34.37,140,107.15
19-May-22,2470,2511,2466.45,2479.2,2490.200904,728658,25314,1814504810,596247,81.83,44.55,9.2
18-May-22,2539,2570,2508.3,2538.8,2535.700589,276653,21897,701509175,74202,26.82,61.7,-0.2
17-May-22,2443,2540.4,2435,2530.7,2498.048501,336675,31564,841030479,146058,43.38,105.4,87.7
16-May-22,2432,2480.75,2416.45,2427.4,2447.590738,207222,21011,507194648,65528,31.62,64.3,-4.6
13-May-22,2432,2478,2416.05,2428.05,2450.793087,290185,25989,711183392,79212,27.3,61.95,-3.95
12-May-22,2419,2440,2370,2400.95,2399.472966,375949,39075,902079462,191869,51.04,70,-18.05
11-May-22,2478.7,2485.05,2421.9,2449.75,2457.071584,269992,20980,663389671,115015,42.6,63.15,-28.95
10-May-22,2499,2525.25,2459,2473.25,2496.905245,228368,18058,570213257,69367,30.38,66.25,-25.75
09-May-22,2575,2597.2,2507.1,2517.15,2542.155895,394528,40031,1002951681,167673,42.5,90.1,-57.85
06-May-22,2640.75,2659.55,2594.6,2621.15,2621.877341,249708,21561,654703747,75161,30.1,64.95,-19.6
05-May-22,2721,2729.65,2632,2640.75,2682.979466,355466,24796,953707979,223846,62.97,97.65,-80.25
04-May-22,2785,2785.15,2675.8,2693.15,2776.081497,3251053,25838,9025188080,3101978,95.41,109.35,-91.85
02-May-22,2755.5,2805,2755.5,2780.55,2782.786316,244590,21118,680641705,115430,47.19,49.5,25.05
29-Apr-22,2855,2855,2777.55,2790.8,2829.194888,202927,15802,574120031,108695,53.56,77.45,-64.2
28-Apr-22,2815,2850,2786.3,2819.2,2823.77369,264655,21873,747325826,112398,42.47,63.7,4.2
27-Apr-22,2759.7,2827.1,2757,2777.9,2797.914395,389360,33414,1089395949,153911,39.53,70.1,18.2
26-Apr-22,2708,2795.65,2708,2775.7,2741.361123,240951,19918,660533704,93207,38.68,87.65,67.7
25-Apr-22,2739.45,2758.35,2664.4,2694.85,2714.221142,208296,17003,565361407,74717,35.87,93.95,-44.6
22-Apr-22,2765.05,2800.65,2743.85,2758.45,2771.474899,314673,25049,872108321,147553,46.89,56.8,-6.6
21-Apr-22,2759,2788.8,2733.65,2782.15,2770.146107,280821,22285,777915200,102113,36.36,55.15,23.15
20-Apr-22,2655.75,2733.65,2650,2718.4,2707.291801,458162,28401,1240378226,201414,43.96,83.65,62.65
19-Apr-22,2554.1,2667,2551.1,2638.45,2634.192652,545067,41628,1435811486,298472,54.76,115.9,84.35
18-Apr-22,2530.25,2559.05,2522.6,2544.15,2536.452961,215288,20575,546067885,118162,54.89,36.45,13.9
13-Apr-22,2577,2592.9,2546,2552.45,2565.956501,156923,13210,402657592,76191,48.55,46.9,-24.55
12-Apr-22,2588,2602.4,2556,2560.15,2572.288487,213157,14506,548301297,112809,52.92,46.4,-27.85
11-Apr-22,2599,2638,2582.65,2609.8,2604.181554,209888,20192,546586458,76350,36.38,55.35,10.8
08-Apr-22,2563,2625,2562.6,2616.75,2604.536944,265594,13754,691749385,145002,54.6,62.4,53.75
07-Apr-22,2599.5,2603.25,2567,2571.75,2584.084776,244738,21253,632423740,108740,44.43,36.25,-27.75
06-Apr-22,2588.65,2634.05,2588.6,2619.35,2614.719343,146948,11553,384227778,75209,51.18,45.45,30.7
05-Apr-22,2655,2668.85,2621.15,2625.4,2635.91872,112402,11736,296282536,40338,35.89,47.7,-29.6
04-Apr-22,2657,2675,2644.25,2663.05,2658.947397,137978,13686,366876244,53037,38.44,30.75,6.05
01-Apr-22,2641.3,2664.8,2622.5,2654.45,2640.18927,84826,9693,223956695,30456,35.9,42.3,13.15
31-Mar-22,2673,2673,2628.9,2633.95,2645.692335,188426,19558,498517224,83814,44.48,44.1,-39.05
30-Mar-22,2637.9,2688,2617.75,2673,2658.49229,154596,14817,410992274,57544,37.22,70.25,35.1
29-Mar-22,2637,2637,2608.2,2622.15,2622.771194,128043,12459,335827492,43033,33.61,28.8,-14.85
28-Mar-22,2611,2629.15,2586.9,2621.65,2610.310099,342191,27520,893224623,176374,51.54,42.25,10.65
25-Mar-22,2577.9,2615,2577,2596.7,2597.056804,195991,18162,508999760,92554,47.22,38,18.8
24-Mar-22,2515,2583.5,2512.05,2577.9,2557.662376,327758,27709,838294305,169170,51.61,71.45,62.9
23-Mar-22,2526.2,2565,2526.2,2539.7,2549.186469,200221,17464,510400664,76043,37.98,38.8,13.5
22-Mar-22,2463.7,2535,2454,2531.1,2515.429602,304284,23179,765404981,132832,43.65,81,67.4
21-Mar-22,2452,2483.7,2442,2467.15,2466.332793,207916,16194,512790049,114923,55.27,41.7,15.15
17-Mar-22,2438,2496.9,2401.15,2479.65,2446.41957,286443,22523,700759761,138614,48.39,95.75,41.65
16-Mar-22,2387.95,2407.05,2376.45,2403.25,2395.930052,276207,20490,661772652,137424,49.75,30.6,15.3
15-Mar-22,2431.8,2431.8,2341.2,2363.45,2394.703078,412984,18178,988974056,219326,53.11,90.6,-68.35
14-Mar-22,2394,2424.35,2375,2418.55,2401.462598,316063,19079,759013473,200647,63.48,49.35,24.55
11-Mar-22,2372,2410.4,2372,2398.5,2396.335383,292287,22834,700417680,152721,52.25,38.4,26.5
10-Mar-22,2415,2415,2360,2393.25,2387.298558,481296,29924,1148997247,207175,43.05,55,-21.75
09-Mar-22,2249,2366.7,2233.95,2353.8,2312.141909,430958,39356,996436053,170141,39.48,132.75,104.8
08-Mar-22,2205,2245.8,2181,2236.7,2218.73734,665930,53449,1477523757,336111,50.47,64.8,31.7
07-Mar-22,2296,2311.85,2222.65,2239.95,2260.58771,577322,37375,1305087018,272865,47.26,89.2,-56.05
04-Mar-22,2355,2364.7,2320.55,2325.35,2337.685987,206310,16293,482287996,94740,45.92,44.15,-29.65
03-Mar-22,2411,2414.45,2370,2378.2,2396.194635,232245,15479,556504223,105116,45.26,44.45,-32.8
02-Mar-22,2349.1,2400.45,2331.1,2398.4,2369.632394,298733,16557,707887394,138915,46.5,69.35,49.3
28-Feb-22,2247.05,2367,2245,2359.1,2309.884883,361763,29272,835630885,132956,36.75,122,112.05
25-Feb-22,2275.6,2307,2275.6,2283.95,2291.873908,234948,21111,538471191,112821,48.02,31.4,8.35
24-Feb-22,2314,2339.85,2242.5,2255.6,2295.238504,550535,41625,1263609130,315777,57.36,97.35,-58.4
23-Feb-22,2398.6,2406.05,2367.9,2373.8,2396.371896,187278,12038,448787736,103388,55.21,38.15,-24.8
22-Feb-22,2352,2395.7,2346.75,2388.2,2370.708034,388107,28331,920088383,203497,52.43,48.95,36.2
21-Feb-22,2414.9,2436.8,2385,2400.15,2409.337397,248274,19888,598175833,134878,54.33,51.8,-14.75
18-Feb-22,2435,2456,2421,2424.15,2441.445645,242341,19583,591662379,99931,41.24,35,-10.85
17-Feb-22,2418,2454.4,2410.5,2444.9,2440.325207,248666,16599,606825908,124763,50.17,43.9,26.9
16-Feb-22,2427.55,2432.05,2396,2412.35,2419.929778,241833,15405,585218878,142572,58.95,36.05,-15.2
15-Feb-22,2352,2424,2335.85,2417.35,2380.158615,389799,34153,927783448,212691,54.56,88.15,65.35
14-Feb-22,2300,2354,2300,2338.8,2337.910014,310248,27415,725331906,138802,44.74,54,38.8
11-Feb-22,2374,2384,2343.95,2376.85,2365.345214,192243,12019,454721060,120819,62.85,40.05,2.85
10-Feb-22,2397.4,2397.4,2365,2379,2381.97705,226054,18011,538455440,118653,52.49,32.4,-18.4
09-Feb-22,2367.1,2386.6,2358.6,2383.95,2371.676984,1356126,11903,3216292822,1275505,94.06,28,16.85
08-Feb-22,2333,2359.95,2310,2355.6,2334.748161,1601702,22714,3739570799,1450944,90.59,49.95,22.6
07-Feb-22,2338,2356.8,2305.05,2317.65,2331.974339,1643527,23783,3832662790,1487460,90.5,51.75,-20.35
04-Feb-22,2349,2349.55,2322,2331.8,2334.61929,330454,18910,771484283,188997,57.19,27.55,-17.2
03-Feb-22,2384,2401.55,2348,2352.7,2369.332016,136394,12835,323162671,70272,51.52,53.55,-31.3
02-Feb-22,2410.4,2410.4,2376,2383.5,2386.325726,337670,21820,805790608,228993,67.82,34.4,-26.9
01-Feb-22,2410,2420.55,2347.65,2380.45,2405.008305,2496945,19446,6005173462,2366046,94.76,72.9,-29.55
31-Jan-22,2355,2406.35,2355,2386.35,2389.849204,185589,15173,443529724,92280,49.72,51.35,31.35
28-Jan-22,2365,2372.4,2329,2335.4,2347.955908,2787192,30836,6544203923,2608002,93.57,43.4,-29.6
27-Jan-22,2345,2355.55,2312,2338.25,2333.071196,385697,35928,899858561,208834,54.14,43.55,-6.75
25-Jan-22,2364.7,2388.6,2305.05,2373.7,2340.569234,439517,30843,1028719968,217405,49.46,83.55,9
24-Jan-22,2478.1,2504.1,2352.7,2377.55,2424.608906,579337,55994,1404665650,212459,36.67,151.4,-100.55
21-Jan-22,2450.15,2501.95,2450.15,2478.1,2475.170093,320142,23410,792405904,165703,51.76,51.8,27.95
20-Jan-22,2497,2511.25,2455,2478.8,2480.36126,202569,12068,502444300,112922,55.74,56.25,-18.2
19-Jan-22,2526.3,2541.65,2508.8,2521.4,2523.240228,132491,10802,334306621,44137,33.31,32.85,-4.9
18-Jan-22,2553,2562.8,2515.5,2520.85,2539.209639,194301,20189,493370972,87095,44.82,47.3,-32.15
17-Jan-22,2539.6,2565,2538.75,2552.3,2555.443749,102051,9595,260785590,40673,39.86,26.25,12.7
14-Jan-22,2530,2566.5,2525.8,2538.7,2543.383672,233864,20272,594805879,93794,40.11,40.7,8.7
13-Jan-22,2523.7,2540.95,2508.8,2535.35,2522.724105,272194,10302,686670365,44104,16.2,32.15,11.65
12-Jan-22,2472.45,2524.35,2465.4,2520.6,2504.288097,196309,16405,491614292,76586,39.01,58.95,48.15
11-Jan-22,2431.1,2474.1,2431.1,2454.9,2446.971082,334250,10869,817900084,229830,68.76,43,23.8
10-Jan-22,2453.95,2456.45,2416.55,2437.65,2433.662718,166454,17408,405092894,78772,47.32,39.9,-16.3
07-Jan-22,2436,2457.65,2411.5,2435.95,2438.080746,371610,21284,906015186,153749,41.37,46.15,-0.05
06-Jan-22,2454,2454,2409,2416.6,2426.120932,311647,17706,756093310,185873,59.64,45,-37.4
05-Jan-22,2460.15,2476.3,2433,2466.05,2450.308812,256771,14968,629168244,135779,52.88,43.3,5.9
04-Jan-22,2410,2461.95,2403,2457.75,2434.124214,559316,29928,1361444619,300783,53.78,58.95,47.75
03-Jan-22,2367.5,2408.95,2364.95,2404.35,2394.596554,272926,18762,653547659,138852,50.88,44,36.85
31-Dec-21,2370,2384.3,2360.05,2368.15,2369.595472,181300,12052,429607659,88482,48.8,24.25,-1.85
30-Dec-21,2398,2405.25,2346,2356.45,2370.134584,395909,25736,938357613,223438,56.44,59.25,-41.55
29-Dec-21,2391.9,2418.4,2382.45,2403.05,2398.555782,136021,11528,326253956,55019,40.45,35.95,11.15
28-Dec-21,2384,2405,2374.35,2397.7,2388.084861,100293,8800,239508195,48111,47.97,30.65,13.7
27-Dec-21,2362.9,2377.75,2348.95,2369.8,2366.969281,79886,7777,189087708,27557,34.5,28.8,6.9
24-Dec-21,2367,2391.9,2337.65,2372.25,2357.462066,182225,11462,429588525,66747,36.63,54.25,5.25
23-Dec-21,2372,2380,2358.95,2364.65,2367.749982,127047,10406,300815532,46577,36.66,21.05,-7.35
22-Dec-21,2314.5,2372,2314.5,2365.95,2347.409045,244736,16084,574495500,122553,50.08,57.5,51.45
21-Dec-21,2304.6,2345,2293,2310.1,2319.330166,165141,13319,383016503,54303,32.88,52,5.5
20-Dec-21,2315,2320.9,2248,2277.2,2315.448361,1104898,52446,2558334263,873538,79.06,72.9,-37.8
17-Dec-21,2395,2408.75,2320,2341.15,2346.359323,426622,47328,1001008507,188652,44.22,88.75,-53.85
16-Dec-21,2404,2414.5,2369,2404.45,2392.489712,147405,11495,352664946,58166,39.46,45.5,0.45
15-Dec-21,2384.85,2404.5,2361.75,2372.5,2377.476077,271038,23929,644386361,145204,53.57,42.75,-12.35
14-Dec-21,2389,2406,2373.5,2380.4,2388.964448,286591,25831,684655710,153809,53.67,32.5,-8.6
13-Dec-21,2470,2474.5,2405,2409.8,2428.157608,285664,26348,693637215,147571,51.66,69.5,-60.2
10-Dec-21,2444,2466.1,2430.5,2458.95,2442.526087,127783,9265,312113311,53206,41.64,35.6,14.95
09-Dec-21,2431.1,2474.9,2425.45,2455.85,2452.456918,170477,12285,418087498,63634,37.33,49.45,24.75
08-Dec-21,2427,2431.45,2407.1,2417.4,2398.37717,655272,16576,1571589405,527405,80.49,24.35,-9.6
07-Dec-21,2381.7,2403.75,2373.55,2381.6,2390.186593,243374,17867,581709272,117641,48.34,30.2,-0.1
06-Dec-21,2421,2424.55,2357.15,2363.3,2394.271776,406872,18352,974162146,292748,71.95,67.4,-57.7
03-Dec-21,2490.15,2494.95,2400.1,2408.15,2439.637124,385570,34155,940650886,167044,43.32,94.85,-82
02-Dec-21,2466.9,2496,2461.2,2483.8,2483.114104,212570,16218,527835565,92633,43.58,34.8,16.9
01-Dec-21,2425.5,2474.6,2425.5,2466.9,2448.778232,334818,21763,819895030,156341,46.69,49.1,41.4
30-Nov-21,2466,2475.9,2390,2406.75,2433.348602,568273,31836,1382806310,275316,48.45,85.9,-59.25
29-Nov-21,2412,2500,2400,2442.5,2463.845575,451870,26572,1113337900,166591,36.87,100,30.5
26-Nov-21,2470,2477.45,2403,2412.15,2434.076651,397321,35528,967109769,138512,34.86,74.45,-57.85
25-Nov-21,2375.5,2502.8,2358,2494.4,2453.117424,476931,26825,1169967746,125100,26.23,144.8,118.9
24-Nov-21,2381.4,2410.85,2344,2350.9,2373.213982,1856369,26324,4405560866,1684090,90.72,66.85,-30.5
23-Nov-21,2339,2401.5,2309.4,2386.15,2349.698689,457139,33263,1074138909,261503,57.2,92.1,47.15
22-Nov-21,2440,2446.25,2351,2363.4,2378.49935,416968,29833,991758117,230256,55.22,95.25,-76.6
18-Nov-21,2459.9,2489,2450.6,2472.75,2465.347488,242463,20272,597755548,87088,35.92,38.4,12.85
17-Nov-21,2499.7,2500,2460.35,2464.05,2483.811428,370002,18398,919015196,305709,82.62,39.65,-35.65
16-Nov-21,2573,2576,2495,2512.1,2536.443408,245061,23297,621583358,116041,47.35,81,-60.9
15-Nov-21,2600,2602.1,2570,2578.55,2581.251691,104839,8757,270615846,59444,56.7,32.1,-21.45
12-Nov-21,2560,2598.8,2557,2592.5,2580.313714,283433,17078,731346057,167168,58.98,41.8,32.5
11-Nov-21,2549.4,2571,2535.95,2554.95,2554.602904,266898,18191,681818406,195851,73.38,35.05,5.55
10-Nov-21,2518.9,2558,2503.85,2549.4,2536.870516,108322,8846,274798888,30516,28.17,54.15,30.5
09-Nov-21,2502,2528.95,2486.7,2520.05,2508.783452,282251,18023,708106638,153387,54.34,42.25,18.05
08-Nov-21,2510.1,2522,2457.65,2502,2481.914405,183715,15526,455964905,111441,60.66,64.35,-8.1
04-Nov-21,2494.9,2505,2490.05,2498.8,2497.723549,64847,12315,161969879,44082,67.98,14.95,3.9
03-Nov-21,2504.75,2520.45,2461,2483.85,2492.219904,249022,24200,620617585,123735,49.69,59.45,-20.9
02-Nov-21,2551.9,2551.9,2497,2500.9,2513.88734,416615,21303,1047323174,337649,81.05,54.9,-51
01-Nov-21,2531.2,2555,2494,2537.35,2518.746616,347023,23229,874063007,179624,51.76,61,6.15
29-Oct-21,2586,2595.15,2502.55,2537.6,2551.553791,340018,31011,867574217,163296,48.03,92.6,-48.4
28-Oct-21,2621,2637.8,2591.1,2599.35,2610.792739,404017,23122,1054804650,301597,74.65,46.7,-21.65
27-Oct-21,2659.8,2677,2620,2632.65,2651.251641,240760,13605,638315345,143983,59.8,57,-27.15
26-Oct-21,2614.45,2668.85,2603.35,2661.5,2621.788133,387791,13559,1016705842,241231,62.21,65.5,47.05
25-Oct-21,2699,2699,2570.1,2601.65,2606.924663,424305,22383,1106131169,231295,54.51,128.9,-97.35
22-Oct-21,2623.8,2664.7,2611.4,2627.05,2636.952122,299137,20311,788809947,151206,50.55,53.3,3.25
21-Oct-21,2725.95,2725.95,2603,2623,2654.961537,395833,23458,1050921390,212274,53.63,122.95,-102.95
20-Oct-21,2740,2744.1,2691.45,2699.9,2731.083257,2747085,9471,7502517848,2670307,97.21,52.65,-40.1
19-Oct-21,2726,2750,2708,2731.5,2732.862294,108463,8972,296414443,41582,38.34,42,5.5
18-Oct-21,2684,2744.95,2660,2707,2717.55793,161592,10354,439135621,77128,47.73,84.95,23
14-Oct-21,2705,2717.7,2687.15,2699.85,2701.071448,152754,12882,412599468,62906,41.18,30.55,-5.15
13-Oct-21,2683,2719.5,2669,2695.9,2693.938521,229201,20619,617453403,119618,52.19,50.5,12.9
12-Oct-21,2641,2682.75,2641,2668.55,2655.57682,129947,8366,345084241,72623,55.89,41.75,27.55
11-Oct-21,2724.7,2724.7,2645.05,2651.15,2671.899101,2880808,16970,7697228305,2739151,95.08,79.65,-73.55
08-Oct-21,2580,2683.9,2580,2670.85,2638.261448,328023,20709,865410435,121892,37.16,103.9,90.85
07-Oct-21,2600,2600,2568.1,2572.15,2584.304123,133140,11026,344074251,54651,41.05,31.9,-27.85
06-Oct-21,2623,2623,2550.05,2560.2,2586.807554,134604,10144,348194644,56190,41.74,72.95,-62.8
05-Oct-21,2565,2612,2547.3,2609.1,2588.248072,287513,11429,744154968,186168,64.75,64.7,44.1
04-Oct-21,2549.9,2574.65,2537.55,2555.85,2559.237424,1315342,10712,3366272472,1229413,93.47,37.1,5.95
01-Oct-21,2506,2539.85,2495.85,2522.85,2499.736224,2866109,7567,7164516488,2791640,97.4,44,16.85
30-Sep-21,2527.85,2534.1,2500.75,2517,2522.120463,270456,7952,682122612,176979,65.44,33.35,-10.85
29-Sep-21,2562,2563.9,2520,2527.25,2525.812364,2433923,13592,6147632806,2339816,96.13,43.9,-34.75
28-Sep-21,2531,2565,2512.2,2548.05,2529.306822,1214524,22711,3071903839,1025812,84.46,52.8,17.05
27-Sep-21,2484.2,2529,2475.5,2525.2,2509.10665,314356,24074,788752730,185800,59.1,53.5,41
24-Sep-21,2500,2504.7,2472,2482.95,2489.738799,288081,12569,717246443,182381,63.31,32.7,-17.05
23-Sep-21,2445,2496.95,2445,2489.65,2437.912495,3174137,36025,7738268253,3045446,95.95,51.95,44.65
22-Sep-21,2409,2441.25,2398.15,2430.6,2425.734491,272044,10955,659906514,139311,51.21,43.1,21.6
21-Sep-21,2411,2416,2384.65,2404.15,2400.725128,376728,9102,904420376,260741,69.21,31.35,-6.85
20-Sep-21,2375,2418,2370,2393.9,2398.621469,215248,10100,516298474,85093,39.53,48,18.9
17-Sep-21,2445,2455.8,2378.8,2390.4,2427.194868,231182,12987,561123764,97550,42.2,77,-54.6
16-Sep-21,2379,2436,2367,2428.1,2413.592481,408347,24921,985583249,185107,45.33,69,49.1
15-Sep-21,2372,2395.25,2368.85,2378.95,2381.838441,76028,6054,181086413,25978,34.17,26.4,6.95
14-Sep-21,2378,2394,2366.1,2368.3,2381.014606,241961,15916,576112675,120857,49.95,27.9,-9.7
13-Sep-21,2428,2430,2368.1,2371.55,2380.760534,224625,14531,534778335,106409,47.37,61.9,-56.45
09-Sep-21,2430.95,2438.3,2416,2425.45,2424.465949,102685,5903,248956286,32090,31.25,22.3,-5.5
08-Sep-21,2454,2455,2406.15,2430.6,2428.301751,233017,17626,565835589,100633,43.19,48.85,-23.4
07-Sep-21,2429.1,2458,2412,2441.3,2438.672176,276017,19220,673114978,93894,34.02,46,12.2
06-Sep-21,2414,2479.85,2413.35,2424.55,2447.628486,601994,31943,1473457663,158051,26.25,66.5,10.55
03-Sep-21,2307.5,2394.3,2306.8,2388.25,2356.211727,543323,30089,1280184024,195554,35.99,87.5,80.75
02-Sep-21,2260,2307,2258.45,2293.65,2289.351182,293438,22351,671782632,198357,67.6,48.55,33.65
01-Sep-21,2275,2292.9,2130,2269.75,2275.354277,299873,19064,682317313,155804,51.96,162.9,-5.25
31-Aug-21,2275.25,2283,2242.5,2259.3,2265.065387,376864,9394,853621602,279280,74.11,40.5,-15.95
30-Aug-21,2240,2275,2239.6,2270.05,2259.96343,161691,10338,365415747,100016,61.86,35.4,30.05
27-Aug-21,2232,2242.35,2215.9,2226.75,2228.07303,178133,12831,396893333,96721,54.3,26.45,-5.25
26-Aug-21,2207,2244.85,2204.9,2230.65,2230.553183,213604,12732,476455082,86123,40.32,39.95,23.65
25-Aug-21,2183.7,2219.9,2180,2202.3,2204.393508,208006,11974,458527076,80143,38.53,39.9,18.6
24-Aug-21,2163.9,2191.9,2155.45,2182.8,2174.412074,270903,16472,589054754,168558,62.22,36.45,18.9
23-Aug-21,2168,2171.95,2132.45,2162.4,2158.554334,133580,8723,288339688,60073,44.97,39.5,-5.6
20-Aug-21,2148,2171.7,2138,2146.2,2156.7081,254217,11765,548271863,157937,62.13,33.7,-1.8
18-Aug-21,2175,2186,2152.7,2171.55,2170.620141,148076,7961,321416748,41682,28.15,33.3,-3.45
17-Aug-21,2170,2185,2148.3,2163.95,2169.485301,183210,9897,397471402,80556,43.97,36.7,-6.05
16-Aug-21,2146.5,2202,2128.7,2172.45,2178.973868,361511,17583,787723022,112081,31,73.3,25.95
13-Aug-21,2115.8,2149.8,2110.15,2144.75,2131.377959,208107,9694,443554673,86252,41.45,39.65,28.95
12-Aug-21,2125.05,2126.75,2105.4,2110.25,2115.966201,235334,9219,497958790,150124,63.79,21.35,-14.8
11-Aug-21,2099,2119.5,2082.55,2116.1,2099.042602,346083,19916,726442961,176940,51.13,36.95,17.1
10-Aug-21,2084.7,2112.8,2073.55,2088.4,2096.655667,415981,20717,872168921,183450,44.1,39.25,3.7
09-Aug-21,2076.2,2089.5,2065.8,2077.25,2075.192927,236037,17835,489822313,123882,52.48,23.7,1.05
06-Aug-21,2125.2,2146,2079.2,2089.05,2097.07147,336073,15969,704769100,160745,47.83,66.8,-36.15
05-Aug-21,2116.9,2154.6,2104.3,2133.3,2126.893473,357064,16820,759437091,119937,33.59,50.3,16.4
04-Aug-21,2097.6,2114.1,2087,2103.55,2104.035897,297852,10348,626691300,182454,61.26,27.1,5.95
03-Aug-21,2085,2091.25,2064.15,2086.9,2077.099147,318185,9503,660901792,175698,55.22,27.1,1.9
02-Aug-21,2047.2,2079,2041,2071.5,2066.673676,406792,18388,840706318,231581,56.93,38,24.3
30-Jul-21,2055.25,2068.15,2030.4,2035.4,2052.179772,228312,17164,468537268,119944,52.54,37.75,-19.85
29-Jul-21,2050,2074.4,2043.75,2055.25,2057.952673,142646,8372,293558717,59161,41.47,30.65,5.25
28-Jul-21,2060.1,2060.15,2016.6,2036.85,2033.328369,207230,12774,421366638,100749,48.62,43.55,-23.25
27-Jul-21,2079,2083.5,2041.2,2054.3,2061.312152,271432,28303,559506080,117200,43.18,42.3,-24.7
26-Jul-21,2110,2121.6,2071.7,2077.7,2090.778889,378150,15713,790628037,208486,55.13,49.9,-32.3
23-Jul-21,2135,2135,2102.85,2105.2,2118.658529,253418,17708,536906207,125479,49.51,32.15,-29.8
22-Jul-21,2111.2,2124.1,2098.8,2121,2109.332245,170937,8805,360562926,92222,53.95,25.3,9.8
20-Jul-21,2097.35,2108.1,2084,2093.6,2096.203327,262169,18138,549559530,110936,42.31,24.1,-3.75
19-Jul-21,2104,2124,2093,2099.1,2112.128578,1466286,10244,3096984564,1353408,92.3,31,-4.9
16-Jul-21,2085,2114.5,2085,2111.8,2104.193501,333073,19969,700850042,154597,46.42,29.5,26.8
15-Jul-21,2096,2096,2078.65,2083.25,2085.84408,211763,11623,441704600,144020,68.01,17.35,-12.75
14-Jul-21,2102.7,2106.8,2082,2086,2090.407785,143306,9558,299567978,71835,50.13,24.8,-16.7
13-Jul-21,2100,2103.3,2088.1,2099.55,2096.506627,356025,16226,746408772,194898,54.74,15.2,-0.45
12-Jul-21,2081.8,2101.75,2075.15,2084.45,2075.512206,1575869,22966,3270735345,1418901,90.04,26.6,2.65
09-Jul-21,2086.9,2091.2,2065.95,2073.2,2075.503313,439784,35965,912773149,313195,71.22,25.25,-13.7
08-Jul-21,2115,2115.8,2081,2092.9,2098.088138,319555,26459,670454555,169575,53.07,34.8,-22.1
07-Jul-21,2126.35,2127.75,2098.7,2110.15,2108.828123,432960,26597,913038224,262669,60.67,29.05,-16.2
06-Jul-21,2150,2150.05,2121,2125.95,2136.604697,277840,13352,593634249,188408,67.81,29.05,-24.05
05-Jul-21,2137.8,2153,2131.5,2149.9,2146.351515,461608,27498,990773030,238279,51.62,21.5,12.1
02-Jul-21,2099.9,2133.25,2094.25,2129.2,2120.389516,227146,10753,481637997,84587,37.24,39,29.3
01-Jul-21,2114.1,2122,2094.55,2097.75,2110.062901,425382,25657,897582777,226151,53.16,27.45,-16.35
30-Jun-21,2095,2123.5,2091.95,2110.9,2107.311352,426251,20638,898243571,220468,51.72,31.55,15.9
29-Jun-21,2089,2109,2083.3,2087.2,2095.450893,447665,21223,938060024,182853,40.85,25.7,-1.8
28-Jun-21,2124,2127.1,2081.1,2086,2100.73326,663274,32467,1393361752,357358,53.88,46,-38
25-Jun-21,2159.8,2159.8,2081.15,2104.3,2107.436827,835596,45229,1760965783,333000,39.85,78.65,-55.5
24-Jun-21,2214.8,2215,2140,2153.35,2175.063585,1045454,60576,2273928925,365335,34.95,75,-61.45
23-Jun-21,2249,2250,2201.45,2205.1,2219.410883,674944,27954,1497978059,407464,60.37,48.55,-43.9
22-Jun-21,2254.7,2260.75,2220,2226,2246.191286,271039,20630,608805440,96830,35.73,40.75,-28.7
21-Jun-21,2204.35,2247.7,2200.95,2237.6,2225.253355,243713,12811,542323171,52315,21.47,46.75,33.25
18-Jun-21,2217.25,2234.95,2184.25,2225.05,2211.210649,267640,13813,591808418,65692,24.54,50.7,7.8
17-Jun-21,2200.25,2235,2179.85,2215.55,2211.73695,351428,24064,777266293,87887,25.01,55.15,15.3
16-Jun-21,2248,2248,2206.75,2211.65,2236.637724,497096,13722,1111823666,345936,69.59,41.25,-36.35
15-Jun-21,2256.25,2274.5,2241.2,2249.7,2253.663938,634070,27778,1428980693,322782,50.91,33.3,-6.55
14-Jun-21,2214,2258.3,2196,2245.3,2232.724207,386196,23705,862269158,88241,22.85,62.3,31.3
11-Jun-21,2186.7,2227.9,2182.7,2213,2214.402444,229252,14206,507656189,48570,21.19,45.2,26.3
10-Jun-21,2192.2,2229.95,2177.2,2182.7,2200.659031,268564,15962,591017792,53369,19.87,52.75,-9.5
09-Jun-21,2219.9,2221.6,2158.25,2174.75,2189.993797,359005,26529,786218723,115305,32.12,63.35,-45.15
08-Jun-21,2224.65,2227,2198.4,2214.7,2213.183865,152318,9441,337107740,42207,27.71,28.6,-9.95
07-Jun-21,2205.9,2241.8,2184.6,2227.3,2215.961873,615525,36724,1363979932,233667,37.96,57.2,21.4
04-Jun-21,2219,2219,2183.8,2190.6,2198.456403,261311,16610,574480841,75458,28.88,35.2,-28.4
03-Jun-21,2222,2250,2196.1,2209.25,2220.900862,760173,44276,1688268871,228310,30.03,53.9,-12.75
02-Jun-21,2159.9,2209.9,2158.55,2201.3,2180.076085,400317,23345,872721518,109300,27.3,51.35,41.4
01-Jun-21,2164.1,2201.7,2147.35,2168.25,2176.469335,916472,56064,1994673204,290019,31.65,54.35,4.15
31-May-21,2101,2191.5,2082,2160.45,2153.031591,2034450,97782,4380235120,709688,34.88,109.5,59.45
28-May-21,1990,2105,1985.1,2094.9,2065.36785,2158323,113895,4457730935,958435,44.41,119.9,104.9
27-May-21,1970.9,1992.2,1963.1,1978.2,1981.392538,274228,13119,543353313,112076,40.87,29.1,7.3
26-May-21,1984.9,1984.9,1966,1969.65,1972.075505,184227,14039,363309554,54583,29.63,18.9,-15.25
25-May-21,1990.05,1997,1960.1,1964.5,1975.048084,204518,15132,403932884,82985,40.58,36.9,-25.55
24-May-21,2007.4,2009.5,1981.6,1985.55,1995.498913,710011,14869,1416826179,590559,83.18,27.9,-21.85
21-May-21,1995.7,2009,1980,2000.9,1998.93171,210603,10786,420981015,52317,24.84,29,5.2
20-May-21,1996.35,2010.8,1981.1,1985.3,1991.689894,276354,11811,550411469,107950,39.06,29.7,-11.05
19-May-21,1982,2016.6,1972.1,1996.35,1994.826857,563712,18970,1124507837,286267,50.78,44.5,14.35
18-May-21,1978,2002.65,1972.1,1987.8,1987.862317,578117,32444,1149216999,269499,46.62,30.55,9.8
17-May-21,1938.7,1963.15,1931,1960.55,1950.408036,405141,14851,790190262,238495,58.87,32.15,21.85
14-May-21,1925.1,1941.5,1906.5,1936.85,1924.441411,515884,31731,992788533,200515,38.87,35,11.75
12-May-21,1934,1934,1907.75,1913.55,1915.67131,373114,28928,714763785,189722,50.85,26.25,-20.45
11-May-21,1917,1938.65,1910.05,1933.7,1930.691002,265869,12690,513310886,135420,50.93,28.6,16.7
10-May-21,1943.75,1946.1,1920.4,1925.7,1932.660561,225581,14033,435971502,70786,31.38,25.7,-18.05
07-May-21,1940,1955.45,1925.9,1931.3,1940.740738,178669,11329,346750207,42187,23.61,29.55,-8.7
06-May-21,1926,1934.15,1907.25,1929.9,1920.559176,231521,12603,444649781,64314,27.78,26.9,3.9
05-May-21,1919.7,1937.9,1908.15,1919.75,1922.893419,287285,15060,552418436,83853,29.19,29.75,0.05
04-May-21,1954,1967.5,1911,1916.55,1938.666144,1021839,45654,1981004674,681569,66.7,56.5,-37.45
03-May-21,1963.7,1979,1943.7,1959.25,1956.27876,693942,32471,1357543995,301865,43.5,35.3,-4.45
30-Apr-21,2014.7,2036.4,1987.4,1994.45,2014.619304,321474,17038,647647726,62341,19.39,49,-20.25
29-Apr-21,2016.65,2045,2008,2023.2,2023.891104,253013,13651,512070760,53537,21.16,37,6.55
28-Apr-21,1999.45,2007.4,1980.75,1996.05,1997.184045,442402,23740,883558216,175681,39.71,26.65,-3.4
27-Apr-21,1943,1997.55,1940.9,1988.9,1978.810534,348348,17494,689314692,89985,25.83,56.65,45.9
26-Apr-21,1916.25,1961,1911.85,1937.45,1924.920206,1330622,27702,2561341174,971732,73.03,49.15,21.2
23-Apr-21,1903,1919,1896,1904.4,1909.775153,370043,16291,706698927,257013,69.45,23,1.4
22-Apr-21,1896,1914.45,1877.6,1906.05,1901.302335,1180007,22549,2243550064,970406,82.24,36.85,10.05
20-Apr-21,1914.7,1919.9,1890.55,1901.4,1908.726855,414659,20215,791470769,228632,55.14,29.35,-13.3
19-Apr-21,1901,1916.6,1891,1902.55,1901.502431,485900,37563,923940031,247446,50.93,25.6,1.55
16-Apr-21,1944,1949.5,1926.6,1934,1936.85275,1494385,15385,2894403697,1313867,87.92,22.9,-10
15-Apr-21,1920.5,1960.65,1913.6,1943.9,1931.706524,328742,20426,635033066,96646,29.4,47.05,23.4
13-Apr-21,1925,1940.15,1918.35,1931.9,1931.009775,265483,19829,512650268,76751,28.91,21.8,6.9
12-Apr-21,1956.05,1966.25,1900.55,1911.3,1926.091085,666100,56064,1282969272,261863,39.31,65.7,-44.75
